....w,50
11.game,50
1111111111.x,50
11111111eos1,245
11111111xiao,282
11111111xxxx,857
111111eoswql,50
111111llllll,50
11111gu11111,50
111chaka1111,60
113355zyjeos,50
11times1is11,10
123.w,914
123123eoseos,771
12341234gogo,50
1234512345pb,50
12345ab123aa,391
123wallet123,418
123weilai123,50
123xiangqian,636
12lixiaoning,540
131415haowai,50
1314baiyanwu,50
1314good1314,10
13wkec1keosd,10
14r34dhteosd,50
14uk3e1neosd,50
14vk5dgeosda,50
1djsubmastab,500
1eostokenpay,10
1evwfd5zeejc,50
1gtkac5eosda,10
1gw32c5eosda,50
1jiyuanfang1,50
1lizhongming,147
1myeoswallet,10
1nickyhavey1,2500
1o1nightclub,50
1ribendaban1,820
1ru3cd3eosda,10
1shierkuaile,512
2112311344gg,50
2blockchain2,50
2os2os2os2os,50
2sherman2eos,50
2vvvvvvvvvv2,185
3blockchain3,100
3i4sxoglpx1j,50
3pixelmaster,50
3qw1onfojivy,200
3wetterpunk3,200
4131kangkang,760
41333.e,640
4545shimsang,50
4evacoolmate,50
4everlions33,165
4fknmfq1tnkd,46956
4fun4fun4fun,50
4godwith4444,50
4mcomkzcmhfw,200
4w3kerkpbaud,775
51345134pans,50
51callcenter,50
51eosaccount,508
51liuyuanwai,50
51tokentoken,50
521314aaaaaa,713
531531531jun,50
54321abcduhj,50
54321qyllsgz,751
55555555ybsm,50
55testarro55,10
5lisqkvt1n2q,50
5ocfdi2dk4vs,10
a1ipaywallet,50
aa123fa123aa,50
aaa222111555,50
aaa444444bbb,696
aaaazzzz1234,50
aaaccc133533,50
aaajiang2555,50
aabbccdd5431,50
aaronabc1234,96000
aaronleehust,116
ab1234554321,50
abababab5541,50
abarthdario1,50
abb123452222,50
abb123453333,50
abc113lvhc4y,50
abc543211234,50
abcabcabc123,10
abcdefg12123,50
abyssfly1234,50
acacacac5541,50
account12334,50
ad.eos,50
adamandmaria,50
adamsydoreos,10
addfffdddfgh,447
addolhai2441,50000
addzzztknz31,832000
adianeosnjjn,50
adidas111111,50
admin3333333,526
adminimtoken,50
adonis123123,50
adrianobalan,2500
adventurer55,50
aeos2themoon,724
aeschlimanns,269
aexname12345,50
agromanusxxx,50
ahiles342143,50
aiguozhe1111,1688
aihping11322,495
aini1314love,50
airbnbshueos,200
aiyuyuan1314,687
aizeyanhuan2,50
akpham1xkn5v,10
alanxueeosgo,50
albertchueos,50
albertfeng11,50
alexander555,50
alexandre123,50
alexandria55,50
alexeykoroln,50
alexlarsen12,50
alexocrypto1,50
alextarkovic,50
alfarromino1,10
algai1223344,673
alian1223222,50
alianjunshao,50
alibaba11112,50
alibabaeosok,50
alibabaoneos,700
alihuiyun123,50
allaneroxeos,62400
allisonmydex,50
allmightygod,50
allthingzero,10
alvaroalvaro,10
alwayscradle,50
alysontruong,50
amatah243212,50
amazingeos11,50
amazonpaypal,50
ameltheadmon,200
amilanbgai33,50
ammqwerty123,200
anameisapple,194
ananm2ananm3,50
andreabayand,50
andreicostin,200
andrejcibik1,10
andrewdied12,10
androidlinux,50
andsjdjj1224,50
andybaby1234,3151
anemonetyend,50
angelozhangs,923
angielimteh1,50
anmengcun123,50
antpool.bank,50
anylwxjmzuzl,50
aoeyuvz12345,50
aohengyun555,50
aoliaowallet,50
appleqee225e,50
april123th35,184
aravindindia,6227
areyouokeoss,50
aristocratic,8687
arukachukwu1,10000
arvydasmacas,200
as1111122222,50
as3351231233,50
as3451231234,50
asaluya11111,50
asaluya12345,50
asasa1234521,50
asd114525asd,50
asdfghjklz12,615
asdqwe123455,50
ashleyfovivi,50
ashutoken123,486
aspenglen111,50
assassinstar,50
astian123u3a,10
aszs1155aszs,50
aszxlkmn1345,50
atomcollecto,5000
audioflinger,50
augustmelody,50
axkkh3nhnmyt,50
ayellowtabby,50
ayun44332211,627
azpac4u2bee1,50
azsxdcfvgbhn,50
backupspacer,50
baeheeyeol11,10
baerentoeter,50
baidudeposit,50
baidueos1111,50
baidumeetone,661
baidusohu123,660
baidusohueos,659
baiwanfunan1,50
baixizeeosio,50
baiyangeosio,50
baiyi5chang3,50
baker2222222,225
baker3333333,253
bakktbakkt33,815
balazsdancso,50
bangulsoo11a,50
bankpolskisa,50
baobaoeospjy,50
baomihua1111,50
barryfaassen,37500
baselmousao2,10
batangbronse,200
batj12345eos,50
bbbb55555555,987
bbbbbbpppppp,50
bcp4zbpzxla5,50
bdk14gpbzu42,31200
becomeyounge,50
been55555555,50
beezneez4321,200
beitaodedaye,166
beitatobeno1,50
bendanzhuwb1,50
bengione1111,10
benmocaptial,50
bensonzhu222,50
bertoldino23,200
best44444444,50
betacentauri,50
betdicegames,50
betdicegroup,50
betdicehouse,888
betdicesaver,50
betwinwinwin,50
beyondeth123,1688
beyondtheweb,10
bfreoswallet,200
bhayaaaaaaaa,50
bhyloveschoe,10
bi.m,990
bi.w,993
biao11111111,989
biao55555555,981
bichengziben,115
bientotparis,50
big.one,958
bigibigibigi,50
bigone111111,50
bigreddragon,50
bigzhou11111,100
bingobetgame,652
bingobingo55,428
bingping1111,108
bintothemoon,50
biomaterials,50
biquandakaig,50
bitcoinereos,246
bitcoinglory,50
bitcola11223,699
bitcolaex.e,811
bitfinexcw55,971
bitfinexdep1,919
bithumbmeet1,968
bithumbtest1,50
bitreckonric,10
bitschooleos,4094
bitsonicuser,703
bitttttttttt,806
bjl123451234,50
bkchus33xxxx,50
blablabla111,50
blablabla222,50
blablabla333,50
blackjack123,175
blackswan123,50
blksteverblk,125000
bloodglucose,50
bloodsucking,10
blueoswallet,50
bluewhale255,10
bmcgazz12345,48000
bmisscamer11,50
bmw13bmw1234,10
bobojiuaixue,468
bolanbolan12,50
bomberinhomm,10
bongbongbong,50
book12145515,50
boooomboooom,50
bossbossboss,965
brassmonkeys,189
brendonrossi,50
brianyouaret,30
brickwoodeos,2000
brigeteosone,50
bringitback4,50
brmeoswallet,50
brucebruce24,50
brucewayne54,50
brucexu12345,50
bshjr3wxgjyx,50
btc555555521,730
btexexchange,679
btmc55555555,50
buaabuaabuaa,50
bulecomethan,50
butterflypow,50
butterflysun,50
c1v1hfjnb5es,10
caigen555555,773
cailiuying12,50
caitlinwhite,10
camcloughlin,360000
cameronbrown,50
candyboxoftp,111000
cankat333333,50
caojianghua1,50
capitalmoney,50
captainkarma,50
carigurdvnkj,50
carlcarlcarl,50
carloseisenb,268
carlossantos,50
carriew12345,50
carsonwallet,467
cartierjewel,50
cashcowbull2,50
catertomassi,50
cathy333yong,10
caymanstayed,168
cd1234512345,50
cd1234554321,50
cdbgood11555,183
cees2dabeesz,200
celilozturk1,200
century2last,50
ceoceo111111,50
cestlaviegwj,50
cflloveminli,50
cfzyzleos555,50
chainbowiooo,50
chainceoneos,892
chainceout11,854
chaincevault,711
champanhielo,60
changeaworld,409
changsi13141,583
changsong123,50
chaoxiaoniao,50
chaoyue12345,50
charlesm4m24,487
chendachenda,500
chengganjun4,50
chenhaiqun55,50
chenkawallet,50
chenkehao123,50
chenliuchina,287
chenxiaojuan,50
chenxuefeiok,816
chenyongyuan,50
chenyubaobao,1688
chenzexin112,50
chenzhixie11,50
cherryy12345,50
chezedude123,50
chiasiehieng,52
chichiricajo,150000
chinabruseli,50
chinaeos5222,50
chinaeoskang,10
chinaewallet,273
chinamhb1111,50
chingloveeos,60
chiptastical,200
chlzzztknz31,832000
chooyongyeon,50
chrisoulis13,50
christine123,50
christopherj,60000
chuanchuanli,50
chuangfuqin5,50
chuck.x,50
chzchzchzchz,50
cianoeoswlet,200
cindychen111,50
citizenchain,50
clarence3333,10
clayand12345,31200
claypitlopes,200
clothespants,50
cloudask2333,50
clrkgriswald,60
clubexoeos12,15600
cmdwzq52sean,50
cmustang1111,99
cnalibabaeos,50
cnsddzcp1111,50
cntblacku1as,10
cnybank.bank,50
cockneyfying,50
coefficients,10
coffeeloveos,50
coinaccount1,10
coinecueosio,10
coinhero1234,50
coinhunterrg,2080000
coinjiacomgo,50
coinmexisgod,50
coinxdeposit,218
colinjockboy,94
colorfullife,813
combustibles,49361.1936
comptekh2eos,10
contactwolfy,31700
coolrunnings,50
cornucopiaok,134
cortassazero,200
cosmosmaster,50
cosplaystore,50
cottonluowei,50
cpubugouyong,934
cpuemergency,305
cqstars12345,50
craigjoubert,72000
craigyin1234,50
crazycapital,50
criptomoneda,10
criscroseost,50
crlemonivy22,10
crossrubicon,10
crownmoun123,200
crushleoreyy,979
crypto3crazy,50
cryptobertus,200
cryptobirdii,130
cryptoblueos,50
cryptoblutak,200
cryptocyborg,60
cryptoeosdnc,50
cryptoeoswin,200
cryptoevgeny,50
cryptogirlll,50
cryptohumans,50
cryptohypezz,50
cryptoilaria,50
cryptokindom,50
cryptoking15,50
cryptologics,50
cryptomagnet,10
cryptomaneos,10
cryptopurse1,10
cryptoquer12,200
cryptoraptor,50
cryptosirhc1,50
cryptosokcho,50
cryptospi123,200
cryptowolfe1,10
csalong54321,50
ct2222222222,142
cty123451234,364
cuicui555555,3050
cuntshitfuck,246200
cuokochi1234,50
currychicken,792
cutiemonster,50
cwj133333cwj,50
cx1234555555,50
cybernetwork,50
cyl123451234,117
czkczkczk123,50
czrtothemoon,50
d.x.w,725
d1234554321d,630
d1xizpt5cyv2,50
dagg52252211,50
dahao1334455,50
dahongxxxxxx,50
daidong11111,579
daizi1111111,50
dajuzyf12345,50
dalangtaosha,50
dallas4mayor,50
dalyrjkelly1,109200
danandana123,50
danielsimons,50
danielwong11,50
dantothemoon,10
danway231212,200
danytremblay,50
daomandaoman,50
dapileinchen,200
dappradarcom,50
darealklynic,5500
darkvasyak25,50
darrenclaxto,975
daveovoxo123,50
daverexcoin1,50
davidohayon1,75000
davidwillock,50
dawnsxu12345,50
daydream3333,50
daynemichael,52000
db.m,994
db.w,996
dbgmtktw5151,50
dceoswalllet,125000
deadcomposer,50
deathbreathc,524
decintralize,8088.092
dede11111111,974
deepbluestar,50
deeptechteam,50
deepu5522221,200
dejianzhou22,371
delitahyrall,10
dellandrodne,50
demjyobexxww,50
dencooeosdqb,50
dengdz123555,10
dengjianchao,299
depurant2222,50
depurantsave,50
deutschemark,50
deutschland2,50
developstdio,50
dexeoswallet,574
dexonchaince,879
dexpartacus1,2500
dexterzzzzzz,50
dgfeoswallet,50
dhmjmssp1115,50
diamondpurse,20
dicenumbers1,50
digitalhouse,50
dimalubiteos,50
ding44444444,664
dingxiaomi44,921
dingxin12345,50
dingzhenhao1,946
dinifrey1111,50
dirkchiangtw,78
divinedragon,50
divinegracer,50
divinelight2,50
divsdivsdivs,50
djdarkstorm1,10
djwinjum1234,50
dltoneeosone,50
doctorliang5,50
doctorpascal,50
dogecoin4eva,50
domeos112233,60
dongbin55555,50
dongcheolcho,50
dongdongdeos,50
dongdongxixi,187
dongjinkeked,50
dongliu51233,50
dongshanjiao,163
dongyuwallet,50
dougsmith444,50
doyouloveme1,756
doyouwanname,50
dragonexbest,50
dragonexeos1,963
dragongroup1,50
dragosroua11,210
drdanlazzari,78000
dreamchaserx,200
dreamjourney,50
dreamwalkers,50
drmahmudepmd,60
droneeye1314,50
drtokeneater,280
dsf123451234,723
ducatiducati,50
duhaoliang11,50
dumplayer332,50
dunamueoshot,883
dvddvddvddvd,50
dxg111111111,50
dxsd55ncsnf1,50
dyswordliyi4,50
dyzfclfzfstk,611
e1v2i3g4h5et,1949
e2slightdark,301004
e4slightdark,2.8001
eagleh123321,133
earless4cats,593
earthking123,412
eatassallday,50
ecapita44eos,50
echoqqlytang,50
echoscorpion,50
eddieyi4ever,60
educryptosbr,50
edwardliu111,50
eeeexxxxeeee,50
eexiaozhu111,818
egypteosone1,50
ei324ldqrpxm,10
eightoheight,125000
eightsevenrx,50
ejugsxcs2wnn,50000
electricburn,225220
elizabeth123,200
elizachen351,1688
elmineault55,50
elvawen12345,50
emanateaudio,24113.54
emanateeosio,20.7437
emanatelive1,1
emaosuper123,928
emassive3333,48000
emekacollins,50
emmmmmmmmmmm,50
empowerments,10
endingaging5,50
endlessbank1,553
endlessgame2,383
endlessmemes,50
endlessoptex,50
endowedqueen,50
enduser.x,50
energychains,10
enolife4ever,10
enriquenoval,50
enzyme42wllt,200
eo5forthewin,50
eos,50
eos121doudou,50
eos121game11,50
eos12345sqqx,50
eos13113123s,50
eos13meetone,50
eos155eos155,50
eos1a2b3c4d5,50
eos1kissgirl,50
eos213seneka,200
eos444333222,50
eos4ueos4you,50
eos4wataru22,200
eos521131411,50
eos521521eos,50
eos5dloveall,84
eosaaabbbeos,50
eosairuqixue,50
eosalterlife,50
eosandramcp1,410
eosapjewelry,50
eosatcoinmex,107
eosazfinance,50
eosbanananbc,50
eosbasicsng5,500
eosbattlewom,1856
eosbbaex1234,50
eosbeijingtv,544
eosbestgames,200
eosbingodeng,50
eosblockcash,502
eosblockone5,50
eosbobo55555,50
eosbodhimick,200
eosbrooklyn2,50
eosbugsyacc5,50
eosbysuperan,50
eoscaramis11,50
eosccsccseos,50
eosccseoseos,50
eosccslawyer,50
eoschain1234,50
eoschain1314,50
eoschanghong,897
eoschany2134,525
eoschengdu32,50
eoschenlixin,440
eoschihuahua,50
eoschina1115,50
eoschina1133,50
eoschina4444,50
eoschinabtc1,61
eoschinacmcc,50
eoschinaokok,50
eoschine1111,836
eoschunzhang,50
eoscnkr12345,50
eoscnvincent,172
eoscoin33333,50
eoscoinbase1,948
eosconsolexp,10
eoscosmoseos,50
eoscryptosec,200
eosdabestboi,50
eosdaclegend,50
eosdaqooooo3,50
eosdengdongm,50
eosdeposit11,50
eosdiqing421,50
eosdreamfund,50
eoselectrons,10
eosemilychen,50
eoseos123555,737
eoseosbeijin,314
eoseosccseos,50
eoseosworlds,50
eosessence22,46800
eosfellow111,50
eosfiatminer,50
eosfilmmaker,10
eosfinex1com,10
eosfinex2com,200
eosfjxm11115,50
eosflywallet,50
eosforencia5,50
eosgamehouse,50
eosgnfmoney2,50
eosgoldriver,50
eosgoodgames,303
eosgreatgoal,50
eosguilingle,50
eoshanguo131,50
eoshaodongxi,50
eoshaozi1111,50
eoshappygo12,50
eoshashagent,50
eoshashhouse,376
eoshernaneos,30000
eoshjrb11111,967
eosholeinone,50
eoshomeland1,10
eoshuangyu11,50
eosianeosian,50
eosincolorer,812
eosinfluenza,50
eosinjection,55000
eosio1111myt,749
eosiobalance,50
eosiochenxin,50
eosiochicken,1000
eosiocompute,50
eosiogoodboy,50
eosiomeetone,1000
eosiomeetyou,50
eosionewyork,50
eosiopocket5,100
eosiosgasset,852
eosirongrong,50
eosisdiamond,298
eosisonlying,50
eosisrealbtc,50
eositsfuture,50
eosjackstest,50
eosjaguareos,50
eosjamestown,50
eosjameswang,50
eosjay123451,50
eosjazzblues,50
eosjiajia111,753
eosjiuzaigou,853
eosjoshsimo1,50000
eoskelly5555,50
eoskinderlax,50
eoskj5122eos,50
eoslaoliu121,843
eosleciyo111,50
eoslihaidong,50
eoslinyichen,50
eoslinyong52,50
eosliweidong,50
eoslogochina,50
eoslooklook1,50
eoslooklook2,50
eoslover1111,16250
eosltthemoon,50
eosltwallet1,50
eoslu1111111,50
eosluckydice,733
eoslwmeetone,50
eoslyf314314,346
eoslynxgullp,15600
eosmachao123,50
eosmainaccnt,10
eosmakesgood,50
eosmarketads,50
eosmarketone,50
eosmazhuping,76
eosmeetone22,50
eosmeetoneww,50
eosmianbizhe,50
eosmisdow123,50
eosmranthony,50
eosmurfineos,50
eosmuzhouwin,50
eosmyhulupig,50
eosname11111,50
eosnanjing22,50
eosnanning12,50
eosnasdaqinc,50
eosnbuckking,50
eosnewdexio5,100
eosniclanleo,50
eosoookkkkkk,50
eosovmeetone,532
eosowangfeng,379
eospeterpa12,10
eosplayboyxq,50
eospokerdevs,575
eospppzzzjjj,2664
eospretymanj,3984
eosqqtencent,50
eosramazotti,50
eosreferrals,50
eosrenz12345,146
eosresearch1,832000
eosrexcpunet,50
eosrobbieqiu,781
eosrunhappy1,50
eosrunhappy2,50
eosrunhappy3,50
eossaegb1234,50
eossdf411323,50
eosseabass12,169000
eosseieossei,50
eosshuchang1,50
eossport1111,111
eossugon4133,50
eossunfengio,10
eossuperhans,10
eosswordfish,200
eostilettoos,50
eostoken2345,50
eostoken3333,50
eostokensave,50
eostonychung,639
eostopdotone,50
eostothemoon,986
eostotherose,50
eostothewind,2088
eostozhemars,50
eostrader333,50
eostrans1234,50
eostribealrt,0.035
eosuniversum,50
eosustwallet,60
eosvegasevnt,276
eosvenomous1,50
eosverycool1,50
eosviip12345,321
eosvipwallet,50
eosvolcanoio,50
eoswalletclb,10
eoswalletsyj,320
eoswangwang1,50
eoswentaomao,791
eoswinteam11,50
eoswinteam12,50
eoswithdraw1,50
eoswithgod11,50
eoswithmixin,50
eoswodezuiai,531
eosworld3521,50
eosworldfans,50
eosxhb112233,50
eosxhmxhm123,50
eosxiaoguang,50
eosxiaomaomi,50
eosxiaoshida,50
eosxiuchoi22,50
eosxxxxxxxxg,50
eosyangyaoyu,50
eosyanwei123,50
eosyaoyao123,394
eosyaozhijie,50
eosyhsbity21,272
eosyijun1234,50
eosyinhang11,50
eosyinwenboo,50
eosyixiuxyxy,461
eosyoutubeio,50
eosyr1234512,50
eosyunbaieos,50
eoszhang1314,536
eoszhangyiyi,50
eoszhifubao2,420
eoszjhz12345,50
eoszoocoffee,50
eoszoroo1234,50
eoszoucanhui,50
eoszpfxj1314,50
eoszqxzqxzqx,481
eoszxywjh311,50
ephtaphelois,50
eremenkomax1,200
erenemirgogo,60
erikvpoeijer,200
ermueos12345,50
ethgamehouse,50
eturner.x,50
eugenetayeos,2000
europeos1234,600
evawallet321,50
everydayhapy,50
everydreamer,50
exchangec521,50
experioncore,50
experionsub1,50
expresstechi,50
exxexxexxexx,50
eyeforbdamin,200
eyestracking,626
fairexchange,50
fanchengxin3,50
fancyajuneos,50
fatherjulian,31400
fbr12345hann,200
feebleclient,50
feedmetokens,50
feicheng1234,50
feiyang123aa,50
felixmg12345,50
fillmyeosbag,1123010
findexassets,50
findextxfees,50
flora1111111,961
fly2airspace,10
flyingmarmot,50
fonzilovesme,5000
foodfoodfood,50
forcehodleos,50
forevertruth,50
foreverwxy11,50
fourfourfun2,500
foxfanfoxfan,50
fpeivissaeos,200
frankkkkkkkk,50
frankwallet1,200
fred12344321,436
free12345hjx,50
freedomocean,1140.911
freedomsroad,10
freewallet12,277
freuddarwin2,50
fshzjgzhf2dk,50
ftlianftlian,50
fubinfubin33,50
fuchangjian3,71
fuckbitcheos,50
fuckmestupid,50
fuckyourpapa,50
fujiwen12345,50
fullypresent,50
funcockatoo1,46800
funderground,50
fusheghaoio2,50
fuxiaohui123,50
fuyuecbq1231,50
fuyugen12345,757
fuzehua12345,675
g42dambzhage,200
g42damzzgene,50
g42dembrgege,500
g42denbugqge,200
g42denbvhege,200
g42dgmbwgene,50
g42dgmzugene,500
g42dgnbyguge,250
g42dimrqgmge,200
g42dinjsgene,50
g42dinzqgmge,50
g42diobugmge,50
g42dombrgige,200
g42dqmzsgege,200
g42dsmagenes,50
g42dsnruhege,199
g42dsojugege,50
g42tcojvgqge,500
g42tembygige,450
g42temjuhege,50
g42tenbwhege,500
g42teojqhege,500
g42tgmrugene,50
g42tgmryguge,500
g42tinrzg4ge,50
g42tknbsgyge,50
g42tknbuguge,500
g42tknrqg4ge,50
g42tmmzzhage,500
g42tmnbsgqge,500
g42tmnjqgige,500
g42tmnjrgage,500
g42tmnjsgige,500
g42tmnjtgege,500
g42tmnjugege,500
g42tmnjvgege,500
g42tmnjwg4ge,200
g42tmnjxguge,500
g42tmnrvgage,500
g42tmnrygige,500
g42tmnrzgage,500
g42tmnzsgege,500
g42tmnztgyge,500
g42tmnzug4ge,500
g42tmnzvgage,500
g42tmnzvgmge,500
g42tmnzwgyge,500
g42tmnzxgege,500
g42tmnzxgqge,500
g42tmnzyhage,500
g42tmobrgege,500
g42tmobsgage,500
g42tmobuhage,200
g42tonbygmge,50
g42tqmjsgqge,50
g42tqnrvgage,200
g42tqnzuhege,500
g42tqobzhege,50
g42tsmjwgige,50
g42tsnrugene,50
g42tsnzrhege,50
g43dambqgege,50
g43damygenes,50
g43danzrgage,550
g43dcmzzhege,500
g43dcnbxgmge,200
g43dcnrtgege,200
g43denjsgmge,50
g43dgmjxgege,500
g43dimrtgene,50
g43dimzxgyge,50
g43dinrygmge,50
g43dinzvgqge,500
g43dkmigenes,200
g43dknbqgege,50
g43dknrugene,159
g43dmmagenes,200
g43dombygage,200
g43domjyhege,50
g43domrwhage,200
g43donztgege,388
g43dqnbvgmge,50
g43dqnjyg4ge,500
g43dqnrsgyge,50
g43dqnzxgige,50
g43dsnjvgene,50
g43dsnrqgqge,463
g43dsojqgyge,50
g43dsojygige,200
g43tambwg4ge,50
g43tamrygyge,50
g43tanrsgage,50
g43tanryhege,50
g43tanzvgage,50
g43tcmrvguge,250
g43tcmzxgyge,50
g43tcnbugqge,50
g43tembuguge,50
g43temztg4ge,50
g43tenbsgmge,200
g43tenbxgige,50
g43tenzqhege,50
g43teobvgage,50
g43teobzg4ge,500
g43teojtguge,50
g43tgmzqgene,50
g43tgnbzgige,500
g43timbqguge,50
g43timbwgmge,405
g43timrxgige,200
g43timrzgege,500
g43timzsg4ge,50
g43timzvhege,550
g43tinrsgege,642
g43tiobvgyge,50
g43tkmagenes,500
g43tkmbuhege,500
g43tkmbvguge,50
g43tknbrgege,200
g43tknrzhege,50
g43tknzugege,50
g43tmnjwgage,50
g43tmojxgege,50
g43tmojzgige,50
g43tombxgmge,500
g43tonjuhage,1000
g43tonrrhege,50
g43tonrwgage,200
g43toobtgage,500
g43toojqgege,50
g43tqmjrhage,50
g43tqmrwgige,50
g43tqmzxgage,500
g43tqmzzgmge,500
g43tqnrzhege,50
g43tqobqg4ge,50
g43tsmbtg4ge,50
g43tsmjshage,50
g43tsmjzg4ge,50
g43tsmjzgige,200
g43tsmrvg4ge,50
g43tsmzsgyge,50
g43tsnbrgqge,50
g44danbqhege,149
g44danbugmge,50
g44danbzhage,50
g44danrvhage,312
g44danzvgmge,500
g44daojvguge,500
g44dcmbtgege,550
g44dcmjugene,500
g44dcmrrhage,200
g44dcmrtgege,50
g44dcnbwguge,50
g44dcnrug4ge,200
g44dembrgage,50
g44demjygege,550
g44demzqgyge,50
g44denbrgige,50
g44denbwgyge,250
g44denbwhage,50
g44denjzgqge,50
g44denzvgqge,50
g44deojsgege,50
g44deojxgmge,500
g44dgmzzhege,2688
g44dgnbrgige,50
g44dgnbxgyge,50
g44dgnbzguge,50
g44dgnjtgige,50
g44dgnjwg4ge,50
g44dgnjygqge,50
g44dgnrwgige,50
g44dgnrygege,50
g44dgobtgige,50
g44dgojrguge,50
g44dgojsg4ge,50
g44dgojtgyge,500
g44dimrtg4ge,50
g44dimztgqge,50
g44dimzyg4ge,50
g44dinbyhage,50
g44dinjqgige,550
g44dkmrxguge,500
g44dkmryg4ge,50
g44dkmzugqge,500
g44dkmzxgqge,500
g44dkmzxguge,50
g44dknagenes,50
g44dknbqgene,500
g44dknjqgige,500
g44dknrvhage,500
g44dknrwgmge,50
g44dknzsgqge,50
g44dkobygege,50
g44dmmjqgyge,50
g44dmmrqgqge,50
g44dmmrrgmge,50
g44dmmzwguge,50
g44dmnbuhage,421
g44dmobqgmge,200
g44domjzhage,500
g44domrvhage,50
g44donbqg4ge,50
g44donbsguge,50
g44donbugmge,500
g44donjzgege,50
g44donjzguge,50
g44donrwgage,50
g44donzugqge,50
g44donzugyge,200
g44doojsgige,50
g44doojvgqge,50
g44dqmjyhege,50
g44dqmrvhege,50
g44dqmzwg4ge,250
g44dqmzwgege,50
g44dqmzxgege,500
g44dqmzzhege,50
g44dqnbqguge,50
g44dqnbsgage,50
g44dqnbwgmge,50
g44dqnjuhege,50
g44dqnjxgyge,500
g44dqnjygage,500
g44dqnrsguge,50
g44dqnrtguge,50
g44dqnrxguge,200
g44dqnrzgyge,50
g44dqnzxgmge,250
g44dqojsguge,591
g44dsmbqhage,500
g44dsmjrhege,50
g44dsnbqgage,500
g44dsnbwgege,50
g44dsnjygege,50
g44dsnrwgyge,500
g44dsobxgyge,200
g44dsojygyge,50
g44tamjsgege,50
g44tamjzgyge,50
g44tanrrgige,200
g44tanrxgige,50
g44tanzrgage,50
g44tanzxgyge,50
g44taojygyge,500
g44tcmjygege,500
g44tcmrrhage,500
g44tcmrwhege,50
g44tcnbug4ge,200
g44tcnjzhage,50
g44tcnzyhege,50
g44tcobrgyge,50
g44tcobrhege,50
g44temjzhage,50
g44tenbqgqge,50
g44tenjzgqge,50
g44tenrwg4ge,50
g44tenzugige,50
g44teobxhage,50
g44tgmbxgige,200
g44tgmrvg4ge,500
g44tgnrrgmge,50
g44tgnrvgege,50
g44tgnzqgqge,50
g44tgnzsgyge,50
g44tgnzzgige,946
g44tgojqgege,50
g44tgojqguge,50
g44tgojshage,50
g44tgojugege,550
g44tgojxg4ge,50
g44timbvgmge,200
g44timbwhage,200
g44timbxhage,50
g44timjyg4ge,50
g44timjygage,50
g44timrvgqge,50
g44timrwhege,50
g44timrygqge,50
g44timzrgqge,317
g44timzthage,50
g44timzugqge,500
g44tinjsgqge,50
g44tinrygyge,200
g44tinzygyge,50
g44tiobyguge,50
g44tiojsgyge,200
g44tiojygqge,500
g44tkmjthege,50
g44tkmrsg4ge,50
g44tkmrtgege,50
g44tkmrthege,50
g44tkmrwgmge,200
g44tkmrwgyge,50
g44tkmzsgege,50
g44tkmzygage,50
g44tknbyhage,50
g44tknrygmge,200
g44tknzwg4ge,50
g44tkobtgyge,50
g44tkojug4ge,50
g44tmmbugege,50
g44tmmbzgage,50
g44tmnbrgyge,50
g44tmnbuhege,50
g44tmnbwgage,50
g44tmnbxgmge,500
g44tmnjrgyge,50
g44tmnzrgqge,444
g44tmnzvgyge,50
g44tmobvg4ge,50
g44tombugage,50
g44tombxgige,50
g44tombzgege,50
g44tomjqgege,50
g44tomjrgige,8581
g44tomjygege,200
g44tomjzgige,586
g44tomjzguge,50
g44tomrsgege,50
g44tonbrgyge,50
g44tonbsgege,550
g44tonbygmge,200
g44tonjwhege,50
g44tonrtgage,50
g44tonzqgage,562
g44tonzwgege,50
g44tonzxgqge,50
g44tonzyhege,50
g44toobwhage,500
g44tqmbyg4ge,50
g44tqmrtgqge,50
g44tqmrugmge,50
g44tqnjthege,50
g44tqnrqgege,50
g44tqnzwgyge,200
g44tqobqgege,50
g44tqojthage,200
g44tqojzguge,500
g44tsmjzgege,50
g44tsnbtgyge,50
g44tsnjtgqge,500
g44tsnjvgege,50
g44tsnrygege,500
g44tsnrzgege,50
g44tsojrgene,50
g4ydanbyguge,50
g4ydanruhege,50
g4ydcmzqg4ge,50
g4ydkmjvgene,419
g4ydknjugige,200
g4ydknzzhege,50
g4ydmmruhege,500
g4ydmnrwgige,500
g4ydomjtg4ge,50
g4ydomrxhege,821
g4ydomzzhege,50
g4ydqnbyhage,200
g4ydsnbtgege,500
g4ydsnjqgage,200
g4ydsobwgege,550
g4ydsojtg4ge,50
g4ytambtg4ge,50
g4ytanjuhage,500
g4yteobuguge,500
g4yteoigenes,200
g4ytimjsg4ge,50
g4ytknrthege,200
g4ytmmbuhage,50
g4ytmnryhage,200
g4ytmnzsgige,734
g4ytsmjqgqge,50
g4ytsobwgyge,50
g4zdanjvgene,500
g4zdenzrgige,50
g4zdgmjthage,500
g4zdgobsgyge,50
g4zdgobygyge,50
g4zdimjtgqge,50
g4zdinagenes,50
g4zdinbxgege,500
g4zdinjugmge,50
g4zdkmbvgyge,448
g4zdkmjugene,50
g4zdknrsgage,500
g4zdkobvgage,250
g4zdomrzhege,50
g4zdonjxgige,200
g4zdqmjwgqge,50
g4zdqojqgqge,50
g4zdsmryhege,50
g4ztamjwgige,550
g4ztamzygige,50
g4ztanbrgege,200
g4ztcmzqgege,550
g4ztcmzrgage,50
g4ztcnrsgage,50
g4ztemzxgmge,50
g4ztgnagenes,50
g4ztgnzzg4ge,200
g4ztimjvg4ge,50
g4ztinzqgmge,50
g4ztinzvgmge,500
g4ztknzxgage,50
g4ztmmbvgage,643
g4ztmobygyge,200
g4ztombthage,200
g4ztonjqgage,50
g4ztonrvgene,500
g4ztqnrqgmge,50
g5a2v3i1nmil,75000
gad2fbccey34,319
gallonwang12,50
gameplayerio,50
gamzuletova1,200
gandorhacker,50
ganshengjun1,50
ganshengjun2,50
gaofengeos11,50
gaovip123123,933
gaoyi23eos55,50
garfieldgood,50
garysaccount,500
gateiowallet,950
gcq123gcq123,50
ge2danrxhage,214
ge2dcmzugage,500
ge2dcobwgege,112
ge2dgnbqgige,135
ge2dinbvhege,500
ge2dinzxgene,50
ge2dmobwg4ge,382
ge2domjtg4ge,500
ge2domzvgege,50
ge2doojsgene,50
ge2doojxg4ge,50
ge2dqnzxgyge,50
ge2dqnzxhage,50
ge2dsnrzgmge,500
ge2tcmbxguge,500
ge2tcobxgege,50
ge2temzrgene,550
ge2tgmrsgege,50
ge2tgmzxgege,50
ge2tgnztgige,50
ge2tinzwhage,500
ge2tknbqgene,50
ge2tknjtg4ge,50
ge2tknrvgene,200
ge2tmmztg4ge,50
ge2tmnbtgene,50
ge2tmobuhege,50
ge2tmojqgege,186
ge2tqnjvgige,500
ge2tqnzqguge,50
ge2tqobqgige,50
ge2tsmjqgyge,50
ge2tsmrxgyge,50
ge2tsnbrgege,500
ge2tsojxgige,50
ge3danbugqge,50
ge3danbxgige,50
ge3dcnjshege,500
ge3dcojugqge,50
ge3dcojxg4ge,50
ge3demjthage,550
ge3denbrgqge,500
ge3denjqgege,50
ge3deobtgege,330
ge3deojqgyge,500
ge3deojzgage,50
ge3dgmbzgige,50
ge3dgmrqgqge,200
ge3dgnzwgige,318
ge3dgnzxgene,550
ge3dimbwhege,200
ge3dimrtguge,50
ge3dimrvgige,50
ge3dimzrgige,200
ge3dkojrg4ge,50
ge3dkojrhage,500
ge3dmmbqgqge,500
ge3dmojsgene,50
ge3domjzgage,50
ge3domzvgege,50
ge3donruhage,50
ge3doobshage,50
ge3dqmbrgige,50
ge3dqnjugige,50
ge3dsmbwhege,500
ge3dsmbzgage,200
ge3dsnjzgege,550
ge3dsobthege,50
ge3dsobxgige,500
ge3tambygege,550
ge3tanrrguge,550
ge3tanzzgige,50
ge3taojwgige,50
ge3temrtgege,500
ge3temzqhege,500
ge3temzxhage,50
ge3timztgige,200
ge3tinjwgage,60000
ge3tiojsg4ge,50
ge3tknbshege,550
ge3tknbug4ge,550
ge3tmmjqgmge,50
ge3tmobxg4ge,250
ge3tonjuhege,50
ge3tonjvgige,500
ge3tonrsgige,50
ge3toojugmge,50
ge3tqmrtgage,50
ge3tsnzygyge,500
ge3tsobugige,500
ge4danzvguge,50
ge4danzzhage,50
ge4dcmrwgage,200
ge4denjwhege,500
ge4denzrgage,551
ge4deoagenes,50
ge4deobvg4ge,50
ge4dgmbqguge,50
ge4dgmjvgyge,50
ge4dgmrxgyge,50
ge4dgnbrgqge,500
ge4dgnzxgage,50
ge4dimjqgige,50
ge4dinrugige,500
ge4dinzzgyge,50
ge4diojvgene,50
ge4dknjtgqge,500
ge4dknrvgyge,50
ge4dmmrugyge,550
ge4dmnzrgege,500
ge4donrsgene,500
ge4dqmzugqge,500
ge4dqnbwgige,50
ge4dqnrvhege,50
ge4dqnzzgege,50
ge4dsmrtguge,500
ge4dsmzvguge,50
ge4dsnzzhage,50
ge4tambvgmge,500
ge4tamrvgige,50
ge4tcmbrgmge,200
ge4tcnbrgmge,500
ge4tcnjuhege,50
ge4tcnzxhage,500
ge4tenrxguge,50
ge4teobtgige,500
ge4tgmbrguge,250
ge4tgmbvgmge,50
ge4tgnrsgmge,500
ge4tgojtgige,20675
ge4timrvgege,50
ge4timzugage,50
ge4tkmrrguge,50
ge4tknzvgyge,50
ge4tmmjrguge,550
ge4tmmjsgqge,200
ge4tmmrthage,50
ge4tmmrzgmge,200
ge4tmmrzgmgo,50
ge4tmnrug4ge,200
ge4tmnruguge,50
ge4tombwguge,500
ge4tombygige,200
ge4tonagenes,500
ge4tonrvgqge,50
ge4tonrxgene,447
ge4tonzxgege,250
ge4tqnbugene,50
ge4tsmzwgege,50
ge4tsojugage,500
ge4tsojugige,500
geekynsjames,25000
gege12tltl12,50
genesiscap12,50
gengweiwei12,50
geoffbradley,50
georgiawhite,10
geyao1111111,50
geydaobsgmge,50
geydaobugene,500
geydemjzgege,50
geydemrxg4ge,50
geydenbwgmge,550
geydenjsgmge,556
geydeobvgmge,550
geydgmbrg4ge,50
geydgojygene,500
geydimbxgqge,50
geydinrqgene,50
geydiojrgage,50
geydknrqg4ge,50
geydmmjxgene,50
geydmnbrg4ge,550
geydmnrzgene,772
geydmojyhage,50
geydombrgene,50
geydomzvgene,50
geydonjxgage,50
geydqmrthage,500
geydsnzyg4ge,50
geydsobrgege,50
geydsobrguge,50
geydsobsgage,138
geydsobuhage,24522
geytamrtgage,200
geytanrqgene,809
geytcmrrgyge,500
geytcnjzgmge,200
geytcnztgage,500
geytenjtgyge,50
geyteojvhege,250
geytgnrsgage,664
geytgnzqgene,50
geytgobrgyge,550
geytimjsgege,306
geytimzwg4ge,50
geytinzygige,50
geytkmbwgyge,50
geytkmjygyge,500
geytknjsgqge,5859
geytmnbqgage,250
geytmnjvguge,550
geytmnrshege,200
geytonjsgage,200
geytonzxgyge,50
geytoobtguge,50
geytqmrrgene,296.4324
geytqnbvgene,50
geytsmbygmge,550
geytsnjzgene,50
geytsobwhege,500
geytsojuguge,550
gezdamrsgene,50
gezdaobqhage,500
gezdaobvguge,200
gezdaojtgage,50
gezdcmrzhage,50
gezdcmzvgmge,50
gezdcobygyge,98.7755
gezdcobzgene,50
gezdeojshege,601
gezdeojxgqge,517
gezdgmbygene,144
gezdgnzqhege,500
gezdgnzxgige,200
gezdimbzgene,50
gezdinjugene,50
gezdknjtgqge,50
gezdmmjqgene,50
gezdmnbtg4ge,50
gezdmojtgene,200
gezdomjtg4ge,200
gezdonrugege,50
gezdonruhege,50
gezdonzqgyge,50
gezdoobwgene,500
gezdqmbwgyge,200
gezdqnjugage,50
gezdqobzgqge,50
gezdqojthage,50
gezdsmbxg4ge,50
gezdsmzwgyge,50
gezdsnrrgqge,50
geztamjqg4ge,200
geztamzygene,404
geztamzygene,404
geztcmjxgege,550
geztcmjxgyge,50
geztcmjygmge,50
geztcojvgqge,50
geztenjvgene,50
geztgmzvgige,50
geztimbvhege,50
geztimzvgene,50
geztkojxgege,50
geztmnjvgyge,50
geztmnrwgige,516
geztomjzguge,50
geztonrrgege,500
geztoobxgmge,50
geztqobuhage,50
gfedcba12345,650
ggdg12345eos,50
ggg135ggg135,360
gggggg511555,50
ggggoooogggg,50
ghostbusters,2500000
gi2dambvgige,200
gi2danbrgyge,500
gi2daobwhege,50
gi2dcobtg4ge,200
gi2demjrgage,50
gi2demzsgyge,462
gi2denbygige,710
gi2dimzsgege,200
gi2dinjxgige,200
gi2dinzzgqge,500
gi2diobug4ge,500
gi2dkmrwhege,200
gi2dkmrxhage,550
gi2dknjuhage,3624
gi2dmmagenes,50
gi2dmmygenes,50
gi2domrygage,50
gi2donbsg4ge,50
gi2donjqgqge,50
gi2donjtgmge,550
gi2donzugage,50
gi2dqmrwgyge,50
gi2dqmztgmge,2500
gi2dqmzwhage,200
gi2tamzzgege,50
gi2tanbvgige,500
gi2tcojtgage,200
gi2tgmjrgege,200
gi2tgobtg4ge,50
gi2tgojtgege,500
gi2tinbxguge,550
gi2tkmjzhage,50
gi2tkmzygqge,500
gi2tknrwgene,200
gi2tmmbrgage,200
gi2tomjyguge,400
gi2tonjvgage,50
gi2tonrrgyge,200
gi2tonzxhage,500
gi2toobwgige,50
gi2tqmzzgige,500
gi2tqnjvgige,50
gi2tqnjygmge,250
gi2tqnzthage,50
gi2tsmrwg4ge,50
gi2tsojrguge,50
gi3dcmzwgyge,50
gi3dcnbuhege,50
gi3dcnqgenes,950
gi3dcnztgmge,550
gi3dimzsg4ge,550
gi3dkmbsg4ge,200
gi3dkmbygege,500
gi3dknbsgmge,200
gi3dknrxgyge,50
gi3dmnbzgege,500
gi3dmobugige,500
gi3dmoigenes,50
gi3doojzgqge,500
gi3dqnbxg4ge,50
gi3dqnrygage,200
gi3dsnzyhege,250
gi3tamzzgige,250
gi3tanbzgene,50
gi3tanrsgyge,500
gi3tanrxgene,500
gi3tcobtgmge,500
gi3temjvgqge,633
gi3tenjugmge,50
gi3tenjuhege,500
gi3tgnbsgmge,50
gi3tgojvgege,50
gi3tinagenes,50
gi3tkmbsgqge,50
gi3tkmqgenes,200
gi3tmmbygmge,500
gi3tmnjrhage,250
gi3tmobrg4ge,500
gi3tmobzgmge,200
gi3tmojyguge,200
gi3tsmrvguge,50
gi4danbtgage,50
gi4daobvgene,50
gi4dcmbvgene,50
gi4dcmjvguge,200
gi4dcmrsgige,550
gi4dcnrugmge,200
gi4dcnrvgyge,200
gi4demjzg4ge,700
gi4denjugige,500
gi4dgmjxg4ge,50
gi4dgnigenes,50
gi4dimjyg4ge,500
gi4diojsgege,50
gi4dknjwgqge,500
gi4dknzzgyge,500
gi4dkojrgqge,500
gi4dmmbxgige,500
gi4dmmjqhege,50
gi4dmmrsgyge,550
gi4doobugene,250
gi4doojzgqge,200
gi4dqmbqgige,200
gi4dqmzshage,750
gi4dsmbxgige,200
gi4dsmrthege,200
gi4dsnrwgige,50
gi4dsnygenes,266
gi4dsobug4ge,249
gi4tambwgege,500
gi4tanrsgmge,500
gi4taojvhege,50
gi4tcmrqgage,250
gi4tcnzwhege,50
gi4temzqhege,500
gi4teobwhage,200
gi4tgnbygege,50
gi4tgobrgige,50
gi4tinrsgige,480
gi4tknbqgene,50
gi4tmnagenes,50
gi4tmnzrhage,200
gi4tonzqg4ge,550
gi4tqnbwgene,550
gi4tqobwgqge,200
gi4tsnrzgmge,500
gi4tsojrgige,500
gigenevgenev,50
gilprowallet,10
ginacarolehl,50
girteos32425,300
giveyoumoney,50
giydamjugege,500
giydamrygmge,550
giydamzzhege,50
giydanqgenes,99.1308
giydcojrgage,50
giydcojrhege,500
giydemzzgige,50
giydimbyguge,1200
giydinjwgyge,250
giydinrvgyge,500
giydkmzqgige,500
giydknbxgyge,550
giydmnrugene,50
giydmnzzguge,50
giydmojzgene,50
giydomjrgage,327
giydoojuhege,550
giydqmjzguge,50
giydsnrvguge,500
giydsnzug4ge,550
giytcmzuhege,500
giytcobqhege,50
giytcobzguge,2750
giytemzyhege,856
giyteobqg4ge,50
giyteobxhege,500
giytgmrrgige,50
giytgmrvgene,50
giytgnbsgene,50
giytgnbtgene,50
giytgoagenes,50
giytimjqhage,50
giytimrvgyge,50
giytiojtgyge,50
giytkmbrhege,50
giytkmztg4ge,50
giytknjyhege,550
giytknztgyge,500
giytmnjxgege,500
giytomjxhage,50
giytonzvgqge,50
giytqobthage,50
gizdanrthege,50
gizdcmrrgege,50
gizdinbxgyge,500
gizdiobwhege,50
gizdkmjygage,50
gizdkmrxhage,50
gizdknbzgmge,200
gizdknjqg4ge,50
gizdknqgenes,200
gizdkobwgyge,500
gizdmobqgege,50
gizdmojrgmge,50
gizdomrwgyge,50
gizdomryhege,500
gizdonzrguge,50
gizdoojzgege,200
gizdqobwgege,50
gizdsojugige,500
giztanbuhage,500
giztcojygage,50
giztemrqhege,796
gizteojrgage,500
giztgmrzgmge,550
giztinbshage,50
giztinrshege,200
giztinzvgqge,50
giztmmbwgyge,500
giztmmruguge,250
giztomrthage,200
giztqmbsg4ge,914.7799
giztqnjyguge,50
giztqnrzg4ge,200
giztsmrygmge,50
giztsmzzhage,200
giztsnjvguge,200
giztsobsg4ge,50
glaxycataird,200
gm2damjvg4ge,200
gm2dcobuhege,50
gm2dembvhage,50
gm2dembwgmge,500
gm2demjrgege,50
gm2demrtguge,200
gm2denbrhage,50
gm2deojwgqge,50
gm2dgmjsg4ge,200
gm2dinjsguge,50
gm2dinzuhage,787
gm2dkmbug4ge,50
gm2dkmzvgage,50
gm2dkmzxgmge,50
gm2dknjvgyge,500
gm2dknzxg4ge,500
gm2dmnrsgqge,389
gm2donqgenes,50
gm2donrxhege,50
gm2doojqgige,50
gm2dsmjug4ge,15347
gm2dsmztg4ge,50
gm2dsojshage,50
gm2refjqgqge,50
gm2tanigenes,50
gm2tcnbzgmge,200
gm2tcnbzgyge,597
gm2tcnjvgmge,50
gm2temruguge,500
gm2temzvgige,50
gm2tgmbvhege,500
gm2tgmjsguge,200
gm2tgmjvg4ge,50
gm2tgnbvgige,500
gm2tgnzzgqge,50
gm2timrvgage,550
gm2tiojsgmge,50
gm2tknbzhege,50
gm2tmnzxgige,311
gm2tonbsgege,50
gm2tonjwgege,500
gm2toobtg4ge,200
gm2tqmbugqge,200
gm2tqnjqgqge,500
gm2tqnjuhage,200
gm2tqojygyge,50
gm2tsmzyg4ge,50
gm2tsnjugyge,200
gm3damjqgene,50
gm3damjvguge,50
gm3danrvhege,500
gm3daobygege,50
gm3deojxg4ge,50
gm3dgnbsgqge,50
gm3dgnjwg4ge,550
gm3dgojsgmge,50
gm3dgojtguge,50
gm3diobwgmge,66
gm3diobzgmge,50
gm3diojvg4ge,50
gm3dkmjygige,550
gm3dkmrxgmge,50
gm3dknjrgage,90
gm3dknrsgage,550
gm3dkojqgige,500
gm3dmmbwgage,50
gm3dmnbqguge,500
gm3dombrgage,200
gm3domjxhage,200
gm3domrsgege,50
gm3donjtgage,50
gm3donzqgqge,500
gm3donzvguge,50
gm3doobqgene,113
gm3doobtgage,50
gm3dqmjugyge,200
gm3dsnjqg4ge,50
gm3dsnruguge,50
gm3dsojzgyge,500
gm3tamygenes,50
gm3taojrguge,50
gm3tcnjqg4ge,50
gm3tcojuhege,200
gm3tenbsgige,500
gm3tenjqhege,50
gm3tgmrrgige,550
gm3tgmrwg4ge,50250
gm3timrthage,500
gm3timzxgmge,50
gm3tknbzgmge,50
gm3tknzwgige,50
gm3tmmbrhege,50
gm3tmnztgqge,50
gm3tomjxgyge,50
gm3tonbsg4ge,200
gm3tqmzqg4ge,50
gm3tsnjrgage,500
gm3tsnrqgene,500
gm4damzxgene,50
gm4daojrgege,200
gm4daojvhage,500
gm4dcmjsguge,200
gm4dcnbwgege,50
gm4demzvhege,50
gm4denjtgyge,50
gm4denzwgige,500
gm4dgmbwgige,50
gm4dgnbzhege,500
gm4dgnjzgege,50
gm4dgnrzhege,500
gm4dimbqg4ge,200
gm4dinjvgage,50
gm4dkmbrgene,50
gm4dkojugege,200
gm4dmobqgyge,50
gm4dmobwhege,500
gm4dmojugmge,50
gm4doojtguge,50
gm4dsmjwgige,50
gm4dsnjugene,50
gm4taojvhage,500
gm4tcoigenes,309948
gm4tenbugege,50
gm4tenygenes,500
gm4timbrgage,50
gm4tkmbygyge,50
gm4tknrygmge,50
gm4tmnryguge,50
gm4tombqgyge,200
gm4tqmjzgage,50
gm4tqnjzhage,50
gm4tsmbthage,500
gm4tsnjwhege,50
gmxeosxsmax1,50
gmydemjvgyge,500
gmydgnzvhege,50
gmydkmbxgege,50
gmydknbwhege,200
gmydkobzgene,50
gmydmnztgene,500
gmydqojyg4ge,200
gmydsmrugage,50
gmytamjzguge,500
gmytcmbqhege,200
gmytcnzrhege,500
gmytemjsgmge,50
gmytemzqgene,2447
gmytgmrvgige,200
gmytgnjsgage,500
gmytgnzxgage,500
gmytimbqhage,200
gmytimbrg4ge,500
gmytimzvgmge,50
gmytiojwgene,193
gmytkmzrgyge,500
gmytmnjvgqge,165
gmytmojvhage,500
gmytoobyhage,550
gmytqmzxhage,500
gmytqobsgege,550
gmytsnzqgege,500
gmzdambqgege,200
gmzdamrugyge,50
gmzdanjqgyge,50
gmzdaobvgage,50
gmzdaojzgage,500
gmzdcnjxg4ge,50
gmzdcnrrgene,50
gmzdenbzgige,50
gmzdgobwgmge,200
gmzdinrsgene,50
gmzdkmrzgige,500
gmzdmnjrhage,50
gmzdmobrguge,50
gmzdombvgage,250
gmzdombzhege,500
gmzdqmbwgene,50
gmzdqmrzgege,500
gmzdqnjvhage,500
gmzdqojygage,50
gmzdsmjxhage,50
gmzdsnrrgage,550
gmztanzthege,500
gmztanzwgige,500
gmztcmjshage,500
gmztgnjygmge,50
gmztkojxg4ge,50
gmztmmrugege,550
gmztmnjtgage,550
gmztmnrtguge,50
gmztmobthage,211
gmztomagenes,50
gmztqnzxgmge,50
gobluejaysgo,10
godacccreate,50
godblessuall,50
gogocokgogoc,50
gohonewallet,50
goldenzone15,50
goldwarriors,365
gongjingchao,190
goodlovegood,10
goodwarmgood,50
googlechains,50
googlegoogol,50
googlehenlan,895
googlemap111,50
googlemobile,50
goossens4eos,10
gotolab12345,50
gq2danzqhege,200
gq2dcobxhege,50
gq2demzygyge,500
gq2denbygige,500
gq2denrzgmge,200
gq2denzvgqge,50
gq2dgmzqguge,500
gq2dgnzwhege,50
gq2dinzwgige,50
gq2dkmrygmge,1500
gq2dknbqgige,50
gq2dmmbqgyge,500
gq2dmmzyg4ge,50
gq2dmnbtgmge,50
gq2domjqguge,50
gq2donbzgqge,200
gq2donigenes,50
gq2dqmzqgege,550
gq2dqnrsg4ge,50
gq2dqobvgage,500
gq2dqojugmge,50
gq2dsnbugage,200
gq2tamjrgqge,200
gq2tamzthage,500
gq2tanbwg4ge,206
gq2tcnzsguge,550
gq2temzwgmge,200
gq2tgmbvg4ge,550
gq2tgnbxgqge,50
gq2timjwgqge,50
gq2tiojwhage,200
gq2tmmzuguge,50
gq2tomjugmge,500
gq2tomzzhage,500
gq2tonjvg4ge,50
gq2tonrugyge,200
gq2tqmrxhege,500
gq2tqmzrhege,50
gq2tqoagenes,50
gq2tsmzqhege,200
gq2tsnbxg4ge,50
gq2tsobzgmge,500
gq3damzthege,50
gq3daobrhege,50
gq3demigenes,50
gq3denbqhege,50
gq3denbzgmge,50
gq3deobvgage,500
gq3deobzgige,500
gq3dgmbugmge,200
gq3dgnrxg4ge,500
gq3dgojygige,50
gq3diojugege,120
gq3dkmrvgyge,500
gq3dmmbzhege,200
gq3dmmrygege,50
gq3doojqgyge,50
gq3dqmzygige,215
gq3dsnjqguge,50
gq3dsobuhege,50
gq3tamrrgqge,550
gq3tamzugyge,500
gq3tcobxhage,200
gq3tcojsgqge,500
gq3tembzgqge,500
gq3teobsgqge,50
gq3tgmjwgige,50
gq3tgmzwgmge,50
gq3timzsgyge,250
gq3tinbugyge,50
gq3tinbzg4ge,250
gq3tkmrthage,200
gq3tknzqgyge,50
gq3tkobsguge,50
gq3tkobuguge,500
gq3tmmrrgyge,74
gq3tmnzsgyge,50
gq3tonzqgmge,500
gq3tqmzyguge,50
gq3tsmjxgage,50
gq3tsmrsgige,50
gq3tsnbugege,200
gq3tsobtgige,50
gq4damzwgene,500
gq4danjsgige,500
gq4danjxhage,50
gq4daobrguge,500
gq4daobzguge,200
gq4dcobvhege,50
gq4demjsgege,50
gq4denrqguge,200
gq4dgnjzgage,200
gq4dgnrrguge,50
gq4dgnrwgmge,500
gq4dkmagenes,50
gq4dkmbxhege,50
gq4dkmrwgmge,6000
gq4dkmrxgige,200
gq4dkmrzgyge,500
gq4dmnjrhege,200
gq4dmnrtgige,50
gq4domjqgige,500
gq4domjyhage,200
gq4domrxhage,500
gq4donjtgage,50
gq4doobtgage,500
gq4dqmqgenes,50
gq4dqnrzgige,500
gq4dsmzqgyge,50
gq4dsobrgqge,50
gq4tanbrgige,200
gq4taobtguge,50
gq4tcmjwhege,50
gq4temrrhege,500
gq4tenbvgige,50
gq4tgmrsguge,191
gq4tgnjzgyge,50
gq4timbzgige,50
gq4timrqhage,50
gq4timrxhage,50
gq4tkmzrhege,50
gq4tkojqgyge,50
gq4tmmbtgqge,50
gq4tmnbyg4ge,50
gq4tmnjtg4ge,500
gq4tmnjthage,200
gq4tmnrvgmge,500
gq4tmojvgege,50
gq4tqmbygmge,50
gq4tqnjthage,50
gq4tqojsgqge,50
gq4tqojygyge,50
gq4tsmjqg4ge,50
gq4tsmrygige,50
gq4tsnjvgqge,500
gq4tsnqgenes,50
gq4tsnrug4ge,50
gqydanjuguge,50
gqydaobxgmge,200
gqydcmbzhege,720
gqydcnjvgqge,411
gqydemjtgyge,500
gqydemjwgige,500
gqydgmjwgene,50
gqydgmrrg4ge,50
gqydgmrugege,50
gqydgmzug4ge,50
gqydgobqgqge,50
gqydgobrgmge,50
gqydgobwgyge,550
gqydgojwhege,500
gqydimrrg4ge,500
gqydinjsgige,50
gqydknzrgege,50
gqydmobxhage,50
gqydomzxgyge,50
gqydqnbuhage,50
gqydsmbwgene,50
gqydsnjyguge,500
gqydsnzsgmge,50
gqytambugige,122
gqytambxgqge,50
gqytanrygege,50
gqytaobrgege,500
gqytcmbrgage,50
gqytcnjqgege,50
gqyteoagenes,200
gqyteobsgqge,200
gqytimrsg4ge,500
gqytiobtgage,469
gqytknbyhage,50
gqytmmzwgmge,500
gqytqmbxgyge,50
gqytqnjyhage,50
gqytsmjtg4ge,50
gqytsmzzgege,239
gqytsnjvgige,50
gqytsobsgige,200
gqzdambxgage,50
gqzdanjqgene,250
gqzdanjtgage,50
gqzdcnzzgige,50
gqzdemrrhege,50
gqzdinbugage,50
gqzdinjrguge,500
gqzdinrsgige,50
gqzdiojxhege,50
gqzdknbsgage,733
gqzdknbugege,550
gqzdknrzg4ge,700
gqzdmmzqgige,50
gqzdmnbwg4ge,50
gqzdonbugqge,50
gqzdonrsgyge,50
gqzdqgenesis,50
gqzdqmbzhege,500
gqzdqnbyg4ge,50
gqzdqnzugmge,200
gqzdqnzyguge,50
gqzdqobxgene,50
gqzdsmjvgige,200
gqzdsmzrgmge,50
gqzdsmzwgmge,50
gqzdsnrqgqge,50
gqzdsnzqgige,500
gqzdsobxgmge,50
gqzdsojzg4ge,500
gqztambxhage,985.5235
gqztamjyguge,50
gqztanjsgyge,200
gqztcmrugege,50
gqztcnrvhage,50
gqztgnjygige,50
gqztgnrqgmge,50
gqztgnzzhage,50
gqztgobxhage,50
gqztinjsg4ge,401
gqztinygenes,50
gqztkmbuguge,550
gqztkmjugage,50
gqztknqgenes,50
gqztkobsguge,500
gqztkojzgmge,550
gqztmnrwgage,50
gqztmobxguge,550
gqztoobwhage,200
gqztoojsgmge,50
gqztsmbzgmge,50
gqztsmzsgige,500
gqztsnjwhege,50
gqztsobzgyge,50
grandeosboss,50
grandlyrule4,50
grapefruitxx,50
grasshopper1,798
grasshopper2,602
greateospay1,50
greencross33,500
greendooyado,50
gregseosacct,50
grg123455555,653
gridmanservo,50
grp123454321,50
gu2damjshage,500
gu2damrugig3,50
gu2damrygige,500
gu2damzxhege,50
gu2danjvgige,50
gu2danjwgige,500
gu2daobshage,200
gu2daojqgige,400
gu2daojvguge,500
gu2dcmbthege,50
gu2dcmbvgmge,50
gu2dcmbygige,50
gu2dcmjsgage,50
gu2dcmrxgmge,50
gu2dcmzvgyge,200
gu2dcnbvhege,250
gu2dcnjzgmge,50
gu2dcnzsgage,50
gu2dcnzwguge,50
gu2dcojygage,50
gu2dcojzhage,98.498
gu2dembtguge,50
gu2demzsg4ge,200
gu2denbzgmge,50
gu2denjshage,50
gu2denjuhage,865
gu2denrxgage,50
gu2deojyg4ge,50
gu2dgmjtgege,50
gu2dgmrrguge,50
gu2dgmzxgege,50
gu2dgnbugqge,50
gu2dgnbvgege,50
gu2dgnzqgyge,50
gu2dgnztgmge,50
gu2dgnzugqge,14620
gu2dgobvgmge,50
gu2dimbuguge,50
gu2dimbyhage,50
gu2dimjygmge,550
gu2dimrqg4ge,500
gu2dimrxhage,50
gu2dinrugmge,500
gu2dinrygage,50
gu2dinrzg4ge,500
gu2diobvgmge,500
gu2diobwgige,50
gu2dkmbtgmge,200
gu2dkmbwhage,500
gu2dkmjsgqge,50
gu2dkmjug4ge,50
gu2dkmjvgige,409
gu2dkmrvgmge,50
gu2dkmzxgage,50
gu2dknbqgmge,50
gu2dknbqguge,632
gu2dknjygqge,500
gu2dkobvgqge,50
gu2dkojxgmge,527
gu2dkojygige,550
gu2dmmjtguge,50
gu2dmmrugqge,500
gu2dmmzsgyge,50
gu2dmmzwgege,500
gu2dmmzxg4ge,200
gu2dmnjrhege,50
gu2dmnrshege,369
gu2dmnzugige,500
gu2dmobzg4ge,50
gu2dombwhege,200
gu2domjsguge,550
gu2domzygyge,50
gu2donbrg4ge,50
gu2donbsg4ge,50
gu2donbtgyge,50
gu2doobvgyge,50
gu2doojygege,50
gu2dqmbzguge,50
gu2dqmrrgqge,500
gu2dsmjzg4ge,500
gu2dsmzqgage,50
gu2dsmztguge,50
gu2dsnjwgage,889
gu2dsnjygege,325
gu2dsnzwhage,50
gu2dsobrgage,50
gu2dsojzg4ge,550
gu2tambwhege,50
gu2tamjygege,50
gu2tanbxhege,550
gu2tanrvg4ge,200
gu2tanzrgqge,50
gu2taobtg4ge,50
gu2taobuguge,200
gu2tcmjyguge,50
gu2tcmryhage,550
gu2tcnbtgage,50
gu2tembwgqge,50
gu2temjzgqge,500
gu2tenrrhage,200
gu2tenzxguge,50
gu2teobugyge,200
gu2teojtgyge,500
gu2tgmjyhege,50
gu2tgmrqgige,50
gu2tgmrsgage,50
gu2tgmrtgege,50
gu2tgmzuguge,500
gu2tgmzvgqge,50
gu2tgnjuhage,50
gu2tgnrrgige,50
gu2tgnrwgyge,500
gu2tgnrzguge,500
gu2tgnztg4ge,50
gu2tgobvgyge,815
gu2tgobxg4ge,50
gu2tgojxgmge,50
gu2timbtgage,50
gu2timbtgqge,50
gu2timbvguge,50
gu2timbvgyge,50
gu2timjvgyge,50
gu2timrugmge,50
gu2timzsgqge,200
gu2tinbvgmge,50
gu2tinbwhege,50
gu2tiojxgyge,50
gu2tkmbugmge,50
gu2tkmjshage,50
gu2tkmjwgmge,50
gu2tkmrwgyge,200
gu2tknbqg4ge,50
gu2tknbwg4ge,382
gu2tknjrgqge,200
gu2tknrwhege,500
gu2tknzuhege,50
gu2tkojxgege,50
gu2tmmjvhege,50
gu2tmmjwgmge,408
gu2tmmrzgage,50
gu2tmmzqgyge,500
gu2tmmzvgege,50
gu2tmnjzguge,50
gu2tmobthage,50
gu2tomjsgqge,50
gu2tonjvgage,50
gu2toojsgmge,200
gu2tqmigenes,50
gu2tqmzqgqge,500
gu2tqmzvgage,50
gu2tqnzrgyge,500
gu2tsmrxgage,50
gu2tsmrzgege,200
gu2tsnjtgage,500
gu2tsnzsgige,50
gu2tsojuhage,50
gu3damruhege,50
gu3damzwgage,500
gu3danbygqge,50
gu3danjtgage,50
gu3danrqg4ge,200
gu3danzrgage,50
gu3daobyg4ge,50
gu3dcmbsg4ge,550
gu3dcmbwgage,50
gu3dcmrrgage,50
gu3dcmzxgqge,200
gu3dcnrugyge,500
gu3dcnzqgige,50
gu3dembtgage,50
gu3demjqg4ge,50
gu3demrqg4ge,50
gu3demzxguge,50
gu3denbqhege,50
gu3denjugege,200
gu3denrvhege,399
gu3deojzhage,200
gu3dgmzqg4ge,200
gu3dgnjvgege,50
gu3dgnjwgyge,50
gu3dgnrtg4ge,550
gu3dgobzgige,700
gu3dgojwgige,500
gu3dimbqg4ge,50
gu3dimjzguge,91
gu3dimrrgage,50
gu3dimzrgqge,50
gu3dimzugmge,50
gu3dinrqgmge,500
gu3dinrtgage,500
gu3dinrxgege,731
gu3dinrygmge,50
gu3dinzvguge,50
gu3diobrgege,550
gu3diojrg4ge,50
gu3diojrhege,500
gu3diojxg4ge,500
gu3dkmbsgege,500
gu3dkmjrgmge,50
gu3dknbxhage,50
gu3dknjtgige,200
gu3dknrrhege,50
gu3dknrygige,285
gu3dknztgyge,500
gu3dknzzg4ge,200
gu3dkobwgyge,500
gu3dkobxhege,50
gu3dkobzgege,50
gu3dmmbqgage,250
gu3dmmjsguge,240
gu3dmmrugmge,50
gu3dmmrygqge,200
gu3dmmryhege,50
gu3dmmzugmge,50
gu3dmmzvgage,50
gu3dmmzwguge,200
gu3dmnbygmge,50
gu3dmnjzg4ge,200
gu3dmojzhage,50
gu3domagenes,200
gu3dombqguge,50
gu3domrsgqge,50
gu3domrshage,50
gu3domruguge,788
gu3domrvgige,200
gu3donrxgage,50
gu3donzzgqge,200
gu3doobwg4ge,200
gu3dqmbvgmge,200
gu3dqmbwhage,50
gu3dqmbxgyge,50
gu3dqmbzgyge,50
gu3dqmzxgqge,200
gu3dqnjrgyge,50
gu3dqnjzgege,200
gu3dqnjzhege,50
gu3dqnrqgmge,50
gu3dqnrrgige,250
gu3dqnrwgmge,50
gu3dqnzugyge,500
gu3dqnzwhege,500
gu3dqobqg4ge,50
gu3dqobqgage,550
gu3dqojrgage,550
gu3dqojxgyge,50
gu3dqojxgyge,50
gu3dqojzgyge,50
gu3dsmbvgyge,50
gu3dsmjvhege,50
gu3dsmrsguge,50
gu3dsmrwhege,500
gu3dsmryhage,200
gu3dsnbtg4ge,200
gu3dsnbwgige,1078
gu3dsnrugige,50
gu3dsnryg4ge,50
gu3dsnrzgqge,50
gu3dsnzsgige,500
gu3tambsgege,500
gu3tambsgige,50
gu3tamjugmge,50
gu3tamrugege,250
gu3tamruhege,50
gu3tamrvgige,50
gu3tamrxg4ge,50
gu3tamrzhage,200
gu3tanjuhege,50
gu3tanrxgmge,50
gu3taobqgige,50
gu3taobyguge,50
gu3taobyhage,50
gu3taojugmge,550
gu3tcmbvgyge,50
gu3tcmbygage,500
gu3tcmzvgyge,50
gu3tcmzxhage,50
gu3tcmzzgage,50
gu3tcnbtgyge,200
gu3tcnbzguge,50
gu3tcnjvgqge,500
gu3tcnrrgqge,50
gu3tcnzvguge,500
gu3temjrgige,50
gu3temrxgige,50
gu3temzqgage,550
gu3tenjuguge,50
gu3tgmbthege,50
gu3tgmbvgyge,50
gu3tgmjqguge,784
gu3tgmjuhage,200
gu3tgmryhege,200
gu3tgmrzgige,500
gu3tgmzxgege,50
gu3tgnbrhege,50
gu3tgnjrgage,50
gu3tgnjwg4ge,200
gu3tgnqgenes,50
gu3tgnrugmge,50
gu3tgnrzgige,50
gu3tgnzsgege,550
gu3timbthege,50
gu3tinrtgmge,500
gu3tinrxgige,873
gu3tinzxguge,500
gu3tkmbtgage,50
gu3tkmjsguge,793
gu3tkmzrhege,50
gu3tknbzhage,500
gu3tknjqhege,550
gu3tknjsgyge,50
gu3tknjygage,145
gu3tknrsgmge,500
gu3tknrygige,50
gu3tmmbqgege,550
gu3tmmbwgage,500
gu3tmmjrgige,50
gu3tmmjrhage,50
gu3tmmjsgege,500
gu3tmmjugmge,550
gu3tmnbrgage,50
gu3tmnjygqge,500
gu3tmnrrhage,50
gu3tmnrxgqge,500
gu3tmnrzg4ge,50
gu3tomzsgqge,50
gu3tonrwgege,50
gu3tonrzhege,50
gu3tqmbtgage,200
gu3tqmjqgqge,692
gu3tqmzvhage,387
gu3tqnbsgqge,200
gu3tqnzrgege,250
gu3tqobthege,500
gu3tqobvhage,200
gu3tqobxgqge,200
gu3tsmrzg4ge,50
gu3tsnbrhege,50
gu3tsnzsgqge,50
gu3tsnzuhege,779
gu3tsnzwgqge,500
gu3tsnzwguge,50
gu4damjugege,200
gu4damrrgyge,50
gu4damrsgmge,50
gu4danjxhage,200
gu4danrqgage,50
gu4danrygyge,50
gu4danzygyge,200
gu4daojqgage,50
gu4dcmbthage,50
gu4dcmjvg4ge,50
gu4dcmrsgege,50
gu4dcmrugege,50
gu4dcmzwg4ge,50
gu4dcnbshege,250
gu4dcnruguge,50
gu4dcnrzgege,500
gu4dcojugyge,50
gu4dembqgige,50
gu4demjqgige,500
gu4demzwg4ge,500
gu4demzwguge,50
gu4denbqgqge,550
gu4denrzhege,500
gu4denzuhage,50
gu4deobvg4ge,500
gu4deobwgige,200
gu4deobxgmge,50
gu4dgmbwgege,143
gu4dgmrqgqge,50
gu4dgmzsgage,250
gu4dgmzugmge,50
gu4dgmzzhege,50
gu4dgnrtgyge,50
gu4dgnrwhege,555
gu4dimjugqge,500
gu4dimjuhege,50
gu4dimrwhage,500
gu4dimrygege,500
gu4dimzvgage,500
gu4dinzthage,902
gu4diojvgmge,50
gu4dkmjqhage,200
gu4dkmjugege,880
gu4dkmjxgage,50
gu4dkmjygige,50
gu4dkmrvgige,50
gu4dknbrg4ge,50
gu4dknbugige,521
gu4dknbxgige,250
gu4dknrugege,128
gu4dknrwgmge,50
gu4dkojwgige,500
gu4dmmzug4ge,200
gu4dmnbvgege,277
gu4dmnzuhege,50
gu4domjvgage,50
gu4domjzhage,200
gu4domrzgqge,50
gu4donbrgyge,50
gu4donjqgige,50
gu4donrrgqge,500
gu4donzsgige,550
gu4doojsguge,50
gu4dqnrygage,50
gu4dqobvgmge,50
gu4dqojugqge,50
gu4dqojvgmge,50
gu4dsnbqgege,50
gu4dsnbqgyge,50
gu4dsnrzhege,50
gu4dsobuhage,50
gu4dsojuhege,550
gu4tambtgige,500
gu4tambygige,200
gu4tamjrgyge,500
gu4tamrvg4ge,550
gu4tamrvhage,500
gu4tamzxguge,50
gu4tamzzguge,50
gu4tanrwgene,500
gu4tanryg4ge,50
gu4tanzrgige,50
gu4taojxgqge,500
gu4tcmbqguge,200
gu4tcmrugige,200
gu4tcnbrgege,50
gu4tcnbwgmge,550
gu4tcnrvguge,50
gu4tcnzrgmge,50
gu4tcobsg4ge,200
gu4tcojvgyge,50
gu4tembvhage,50
gu4temztgmge,200
gu4tenbzgmge,50
gu4tenzzgyge,50
gu4tgmjtgage,50
gu4tgnrvg4ge,200
gu4timrtgage,500
gu4timzqg4ge,50
gu4tinjqgage,500
gu4tinjygige,50
gu4tiojqg4ge,50
gu4tkmjuhage,50
gu4tkmrrgyge,500
gu4tkmrxgmge,50
gu4tkmrygqge,200
gu4tkmzqgage,50
gu4tkmzrgyge,50
gu4tknjxguge,200
gu4tkobtg4ge,250
gu4tmmzugyge,50
gu4tmmzxgene,50
gu4tmnbvguge,50
gu4tmnbxgqge,200
gu4tmnjwgege,550
gu4tmnzthege,550
gu4tmobwgige,500
gu4tmojqgige,50
gu4tomrrgqge,50
gu4tomzxgqge,500
gu4tonjsgqge,50
gu4tonrvgige,50
gu4tqmjthege,500
gu4tqmjugmge,50
gu4tqmrsgmge,50
gu4tqnjrguge,500
gu4tqnrthage,50
gu4tqobrg4ge,550
gu4tqobwgyge,50
gu4tqojrgyge,50
gu4tqojzg4ge,500
gu4tsmbrgege,500
gu4tsmbxhage,500
guangming123,50
guhanqing124,50
guojianxin11,50
guomeiguomei,50
guozhangyong,50
gushicai4321,50
guydambtgege,50
guydamzygege,200
guydanrshege,200
guydenrsgige,50
guydgmbrgmge,250
guydgmzvgqge,250
guydimjwgage,200
guydinjvgmge,50
guydkmbvhage,50
guydkmzwguge,50
guydknrvgege,50
guydknrzgege,50
guydknzrgege,50
guydkobvgige,550
guydkobygqge,500
guydkojtgene,50
guydomjwgmge,15216
guydonbvgage,279
guydonzsgmge,500
guydqmrshege,500
guydqnbtgyge,50
guydqnbwgege,50
guydqnjuguge,200
guydsnjxgege,500
guydsojsguge,500
guytambzguge,882
guytamzwhage,50
guytenbqguge,500
guytgnjqhege,500
guytgnjxgyge,50
guytgnzsgege,50
guytgnzxnaka,50
guytinagenes,50
guytinjqgqge,50
guytkmbygmge,200
guytkmjxgege,50
guytknbugige,500
guytknzvhege,500
guytknzygege,200
guytkojtgmge,50
guytmmjug4ge,550
guytmmjzg4ge,50
guytmnbsgege,500
guytomruguge,500
guytonjug4ge,200
guytonztg4ge,500
guytqmjwhege,50
guytqnbugmge,50
guytqnjsgmge,500
guytqnrugmge,50
guytqnrvhage,50
guytqojzgqge,200
guytsmrsgage,50
guytsmzwguge,250
guytsnbwgege,500
guytsnrzgege,550
guytsnzvgyge,50
guytsobyg4ge,50
guytsojxhage,50
guzdanbyhage,500
guzdaobrguge,50
guzdaobtgyge,50
guzdcmrthage,500
guzdcnbyg4ge,50
guzdcnzvgqge,200
guzdcnzxgyge,50
guzdcobwhege,500
guzdcojwgige,200
guzdenjug4ge,50
guzdeobuhage,50
guzdgmbsgage,200
guzdgmjqguge,50
guzdgnbtgege,50
guzdgnbvgege,50
guzdgnzwhage,550
guzdgnzxgege,50
guzdgobzhage,500
guzdimrxhege,200
guzdimzrgige,500
guzdimzzguge,50
guzdkmrtguge,50
guzdkmrygyge,50
guzdkmrzgege,50
guzdknjtgage,500
guzdknzwgmge,50
guzdmmagenes,50
guzdmmrugege,250
guzdmnbthege,200
guzdomjuguge,550
guzdomrrgyge,500
guzdomrygige,200
guzdonbzgage,500
guzdonbzgqge,50
guzdonrrguge,850
guzdonrsgage,50
guzdoobwguge,2500
guzdqmbugige,50
guzdqnbqguge,50
guzdqnbxgige,50
guzdqobyguge,200
guzdsmbshege,500
guzdsmbygqge,500
guzdsnbwgmge,50
guzdsnzqg4ge,200
guzdsnzwgage,50
guzdsobtgige,50
guzdsobwg4ge,200
guzdsobzg4ge,50
guztambthege,50
guztamjwgqge,609
guztamrrgege,200
guztanrqhage,50
guztcmrsguge,50
guztcnjtg4ge,50
guztcnjxgige,50
guztcnjzgege,550
guztcnzsguge,200
guztcojvgyge,50
guztembvgmge,200
guztemrsgige,550
guztemrthege,386
guztemrugige,50
guztemrwgige,50
guztemzzgyge,500
guztenbsgyge,50
guztenbvgqge,50
guztenzzguge,250
guzteobugmge,500
guzteoigenes,50
guztgnbqgqge,50
guztgnbshage,200
guztgnbshege,200
guztgnjsgage,500
guztgnjtgege,500
guztgnjwgege,200
guztgnrxgmge,50
guztgobzgmge,500
guztgojug4ge,385
guztgojuhage,50
guztimjvgage,500
guztimrrgage,550
guztinjugqge,50
guztinrrgyge,457
guztinzugqge,500
guztiojwguge,500
guztiojygqge,50
guztiojyhage,200
guztkmjsgage,550
guztkmrqhege,50
guztkmzqgage,50
guztkmztgage,50
guztknbuhage,50
guztknzwguge,181
guztmnjrhege,500
guztmnrsgyge,200
guztmobwguge,50
guztombzgege,50
guztomzugqge,50
guztonbyhage,50
guztonjxguge,500
guztonrsguge,550
guztonrwgqge,50
guztonzugmge,550
guztoobrhage,50
guztoobzguge,50
guztoojygyge,50
guztqmbrgege,200
guztqmbsgige,50
guztqmbtgige,550
guztqmrugmge,50
guztqnbwhage,50
guztqnzshage,500
guztqnztgqge,50
guztqojugyge,500
guztqojvgige,50
guztsmrvhege,50
guztsmrygqge,50
guztsnjugyge,500
guztsnrzhege,50
guztsnzwguge,50
guztsobrguge,50
guztsobxgmge,50
guzzonmarco2,50
gwmatthews11,200
gy2damjqhege,50
gy2damrug4ge,50
gy2damrzgige,50
gy2damzvg4ge,50
gy2danjrguge,50
gy2danjzg4ge,50
gy2danjzgqge,50
gy2danjzguge,200
gy2danrsgqge,50
gy2daobygege,50
gy2daojxgqge,50
gy2dcmbsgage,50
gy2dcmbtgage,50
gy2dcmrqgage,200
gy2dcmrrgqge,50
gy2dcmrtgmge,50
gy2dcmzqgage,50
gy2dcmzugmge,50
gy2dcmzwgage,907
gy2dcnjwg4ge,50
gy2dcnjxgqge,500
gy2dcnrtgyge,50
gy2dcnztgege,50
gy2dcobvgege,200
gy2dcobzgyge,50
gy2demzzgmge,500
gy2denjqg4ge,50
gy2denjrgige,550
gy2denjsgige,500
gy2deobugyge,200
gy2deojrgige,200
gy2deojwgqge,500
gy2deojyg4ge,500
gy2dgmbuguge,500
gy2dgmbvhege,780
gy2dgmjtgige,500
gy2dgmrtgyge,50
gy2dgnryg4ge,500
gy2dgobsgege,50
gy2dgobzgege,50
gy2dgojxg4ge,858
gy2dimbugage,50
gy2dimbxgige,50
gy2dimbyhege,50
gy2dimrugage,50
gy2dinbvgige,250
gy2dinjyg4ge,500
gy2dkmjqgege,1688
gy2dkmjzgyge,50
gy2dkmrsgqge,50
gy2dkmrthage,50
gy2dkmzygyge,500
gy2dknbvhage,50
gy2dknbwgqge,200
gy2dknjtg4ge,550
gy2dknjtgqge,500
gy2dknjugmge,550
gy2dkobtgmge,50
gy2dkojxgqge,50
gy2dmmbyguge,50
gy2dmmztgege,50
gy2dmmzugqge,200
gy2dmnrsg4ge,200
gy2dmnzrgige,500
gy2dmobshage,200
gy2dmobygene,500
gy2dmojsgqge,50
gy2dmojwgmge,50
gy2domjshege,500
gy2domjtgege,50
gy2domzxgqge,50
gy2donrsgege,50
gy2donrvgyge,50
gy2doojwgige,500
gy2doojxgqge,213
gy2doojzgege,50
gy2dqmbygmge,50
gy2dqmjtgege,50
gy2dqmrtgyge,50
gy2dqmzvgage,200
gy2dqnjrhege,50
gy2dqnrwguge,50
gy2dqnzqgege,500
gy2dqobugyge,50
gy2dqojrgene,50
gy2dsmjsguge,50
gy2dsmjugage,50
gy2dsmjvgege,50
gy2dsmjxgene,17054
gy2dsnbzg4ge,500
gy2dsnzvg4ge,50
gy2dsojvgene,50
gy2dsojxgqge,50
gy2tamygenes,250
gy2tanjwg4ge,50
gy2taojqgyge,50
gy2taojsgmge,50
gy2tcnrrgene,50
gy2tcnrtgmge,500
gy2tcobsgege,50
gy2tenbqhage,50
gy2tenzwgige,500
gy2tenzygene,500
gy2teojyg4ge,50
gy2tgmryg4ge,200
gy2timbqgage,500
gy2timbwgige,500
gy2timzxgqge,500
gy2timzxguge,50
gy2tinbqgyge,500
gy2tinbvhage,50
gy2tinjzgyge,200
gy2tinrrgege,50
gy2tinzug4ge,200
gy2tinzwgmge,200
gy2tkmrugige,50
gy2tknrrgyge,500
gy2tknzxgene,50
gy2tkobugege,200
gy2tkobygene,50
gy2tmnrsgene,250
gy2tmnrzg4ge,50
gy2tmojsgege,50
gy2tombvgene,303
gy2tomzsgene,50
gy2tonrsg4ge,50
gy2tonzvhage,250
gy2tqmbshage,50
gy2tqnbrgqge,50
gy2tqnjugyge,50
gy2tqnjwgege,500
gy2tqnrsgene,200
gy2tqnrthage,200
gy2tqnzzguge,200
gy2tsmbtgyge,500
gy2tsmrzgene,200
gy2tsnzxgmge,161
gy2tsobwhage,515
gy3danbygmge,200
gy3danrwhege,500
gy3dcmbrhege,50
gy3dcmbvgage,500
gy3dcmbvgige,250
gy3dcmjqhege,500
gy3dcnbuhage,500
gy3dcnjtgyge,50
gy3demzsgyge,50
gy3demztgage,200
gy3denbtguge,50
gy3denbygyge,50
gy3denjsguge,700
gy3denrug4ge,50
gy3denzrgyge,635
gy3denzzgmge,200
gy3dgmjrgyge,50
gy3dgnbrgige,50
gy3dgnrugage,500
gy3dgnryhege,500
gy3dgobtgage,500
gy3dgojugqge,200
gy3dgojxguge,500
gy3dimrygige,50
gy3dimzxg4ge,50
gy3dinbrgyge,200
gy3dinjqgene,200
gy3dinrsgmge,200
gy3diojqgige,50
gy3diojsgqge,50
gy3dkmbzgyge,50
gy3dkmjwgege,50
gy3dkojqgqge,50
gy3dmmjygage,550
gy3domjrgyge,50
gy3domrzgmge,50
gy3doobyg4ge,50
gy3doojtgige,500
gy3dqmbzg4ge,200
gy3dqmbzgqge,500
gy3dqnjrgage,200
gy3dqnzrgage,250
gy3dsmbvgige,50
gy3dsmbygige,550
gy3dsmjtgage,50
gy3dsmzyg4ge,500
gy3dsmzzgmge,50
gy3dsnjugyge,500
gy3dsnzwhege,200
gy3dsojvgene,200
gy3dsojxg4ge,250
gy3tamjthege,50
gy3tamrsgene,550
gy3tamzugmge,50
gy3tanrvgyge,50
gy3taojshage,200
gy3tcmbzgage,50
gy3tcmygenes,50
gy3tcmztgqge,200
gy3tembtgmge,50
gy3tembugege,500
gy3temrshege,200
gy3temzug4ge,250
gy3tenjvgege,50
gy3tenrygmge,50
gy3tgmrsgene,50
gy3tgmrugege,50
gy3tgmzvg4ge,50
gy3tgnbrhage,700
gy3tgnbwgmge,200
gy3tgnbygene,550
gy3tgnrqhege,500
gy3tgnrvgege,500
gy3tgnzqhege,500
gy3tgojtgyge,500
gy3timjvg4ge,50
gy3timzrgqge,50
gy3timzugene,85
gy3timzvgqge,50
gy3tkojqgqge,200
gy3tmnjzgyge,50
gy3tmnqgenes,714
gy3tmnrrgyge,425
gy3tmnzygige,50
gy3tombqhege,50
gy3tonbvhege,50
gy3tonrtguge,250
gy3toobrguge,50
gy3tqmzzgege,500
gy3tqnjyhage,200
gy3tqnrqgage,200
gy3tqnrshage,500
gy3tqobthage,50
gy3tqobvgqge,50
gy3tqobwgage,50
gy3tqobxgqge,500
gy3tsmrrgmge,500
gy3tsnbqgege,500
gy3tsnbwgage,50
gy3tsnbzguge,500
gy3tsnrvguge,500
gy3tsnrygage,500
gy3tsnrzgqge,250
gy3tsnzshege,2500
gy3tsobsg4ge,500
gy4dambshage,500
gy4dambwgage,50
gy4damjsgqge,500
gy4danbwgige,50
gy4danbxhage,50
gy4danbzguge,500
gy4danzsgige,50
gy4daoagenes,50
gy4daobrgyge,500
gy4dcmrsgege,250
gy4dcmrygyge,50
gy4dcmzwgqge,200
gy4dcmzxgige,200
gy4dcojtgage,550
gy4denruguge,500
gy4dgmjrg4ge,500
gy4dgnrqgmge,500
gy4dgnzyguge,50
gy4dimjtg4ge,500
gy4diobwgyge,50
gy4dkmzuhege,50
gy4dknrzgyge,500
gy4donbxgige,50
gy4donjwgmge,50
gy4dqmbxg4ge,50
gy4dqmzzgege,500
gy4dsmigenes,50
gy4tanrvgage,200
gy4tanrzgyge,50
gy4tanzvgage,200
gy4tcmrzgmge,500
gy4tcnbzgyge,200
gy4tgmbqhege,50
gy4tgmjqhege,200
gy4tgmygenes,200
gy4tgnbzgmge,550
gy4timrqgmge,500
gy4timrzhage,2500
gy4tinbsgage,5430
gy4tmmjshege,500
gy4tmmjugige,50
gy4tmojwgage,50
gy4tomzqgage,550
gy4tqmjqgege,550
gy4tqnjvgqge,500
gy4tsmigenes,1108
gy4tsnjzgene,50
gy4tsnrygige,50
gy4tsojwguge,500
gyetiop3gige,50
gymbasetrade,50
gyyagenesis1,50
gyydcmzugene,500
gyydimzzg4ge,50
gyydinigenes,250
gyydkmrrgege,50
gyydknjrhege,50
gyydmmrvgmge,50
gyydmmryg4ge,50
gyydqmjqgege,200
gyydqmjvgege,200
gyydqmzwguge,50
gyydqmzygmge,50
gyydqmzyguge,500
gyydqnrzgage,50
gyydsmbrg4ge,50
gyydsmbtgmge,550
gyydsojrguge,50
gyydsojzgyge,500
gyytambtgege,50
gyytamjqgyge,50
gyytamjzg4ge,200
gyytanzqhage,50
gyytcmbrgyge,50
gyytcojrhege,204
gyytembsg4ge,50
gyytemzwg4ge,500
gyytenjwgmge,50
gyytenjxgyge,197.8584
gyytenzthage,50
gyyteobzhage,50
gyyteojygage,200
gyytgmjwhage,50
gyytgnbuhege,500
gyytgnzvg4ge,50
gyytgojwgyge,50
gyytimzthage,200
gyytinjrgmge,50
gyytinrrg4ge,500
gyytinygenes,50
gyytkmbtgage,50
gyytkmbxgqge,50
gyytkmbzhage,500
gyytkmjrg4ge,50
gyytknbrgege,50
gyytknbtgege,500
gyytknbtgmge,500
gyytknbthege,200
gyytknbugige,50
gyytknbxgqge,50
gyytknjqgige,200
gyytknjqhage,500
gyytknjrhege,50
gyytknztgege,500
gyytknzuhage,50
gyytkobrguge,50
gyytmmbygmge,500
gyytmmrwgage,500
gyytmnjrgmge,50
gyytmnjsgmge,50
gyytmoigenes,384
gyytmojsg4ge,50
gyytmojugage,500
gyytmojxgyge,50
gyytombsgege,50
gyytomjzgage,200
gyytomrshege,200
gyytonjsgege,200
gyytonrvgige,550
gyytqmbygige,50
gyytqmjwgege,50
gyytqmzqgige,50
gyytqmzwhage,87
gyytqnbyguge,50
gyytqnrvgqge,500
gyytqnrzgmge,500
gyytqojyg4ge,50
gyytsmrxhage,50
gyytsmzqhage,550
gyytsnbvgege,50
gyyycnmdb123,50
gyzdambugqge,50
gyzdamjtgmge,50
gyzdamrxgyge,50
gyzdanzqgage,50
gyzdaojugage,200
gyzdcmjsgqge,50
gyzdcmjuhage,50
gyzdcnbtguge,50
gyzdcnbzhege,50
gyzdcnjxg4ge,50
gyzdcnrugige,500
gyzdcnzqgqge,50
gyzdenbvgage,750
gyzdenzwgmge,200
gyzdeobshege,50
gyzdeobxgege,50
gyzdgmjqgqge,50
gyzdgmzwgige,50
gyzdgnjqgqge,50
gyzdgnjugege,200
gyzdgnzrguge,50
gyzdgnzzgage,500
gyzdgobqgmge,500
gyzdimjzhage,50
gyzdimrsgqge,200
gyzdkmbzgige,500
gyzdkmjxgage,550
gyzdkmzvhage,50
gyzdkmzxguge,550
gyzdknbygege,50
gyzdknzqhage,500
gyzdknzwgyge,250
gyzdkobsgage,50
gyzdmmbrgyge,200
gyzdmmjsgige,500
gyzdmmrqhage,500
gyzdmmzug4ge,500
gyzdmnzuhage,200
gyzdmnzygige,50
gyzdmobshage,50
gyzdmobtgege,50
gyzdmobtgige,1207
gyzdmobwgyge,50
gyzdmobyhage,400
gyzdmoigenes,50
gyzdmojzhage,50
gyzdomjvgene,50
gyzdomjvgige,50
gyzdomjzhage,50
gyzdomrrgige,50
gyzdomrrguge,50
gyzdonbrgyge,500
gyzdonrthage,200
gyzdonrvg4ge,50
gyzdonzqhage,200
gyzdonztgyge,550
gyzdonzug4ge,50
gyzdqmbxhege,284
gyzdqmrqg4ge,200
gyzdqmrqgige,50
gyzdqnbygege,50
gyzdqnjwgyge,50
gyzdqnzygige,50
gyzdqobuguge,50
gyzdsmbvgmge,55500
gyzdsmjqgige,500
gyzdsmjtguge,200
gyzdsmzsg4ge,500
gyzdsnbxgage,50
gyzdsnjtguge,50
gyzdsnjxhage,50
gyzdsnztg4ge,500
gyzdsnzzgmge,500
gyzdsobzgmge,50
gyzdsojvg4ge,50
gyztambvgyge,50
gyztambzgige,500
gyztamjsgage,50
gyztamrtgqge,50
gyztamrzhege,550
gyztamzyguge,50
gyztanbxhage,50
gyztanjrg4ge,50
gyztanjxgage,50
gyztanjxhage,500
gyztanrzgige,500
gyztanzrgqge,200
gyztaojzhege,550
gyztcmjwgqge,50
gyztcmrvhege,500
gyztcmztg4ge,500
gyztcmzvgige,500
gyztcmzwgege,500
gyztcnbvg4ge,250
gyztcnjxgyge,50
gyztcnrqg4ge,50
gyztcobrg4ge,500
gyztemrrgege,200
gyztemrvhege,50
gyztemrzgqge,50
gyztemzug4ge,50
gyztenjtgmge,50
gyztenjxhege,50
gyztenrvgyge,550
gyztgmbqhege,802
gyztgmbvgmge,50
gyztgmruhage,500
gyztgmzvgige,50
gyztgnjwgqge,550
gyztgnzxgqge,200
gyztgojvgqge,50
gyztgojzgqge,500
gyztimrygege,50
gyztimzwgige,50
gyztimzxgqge,500
gyztinjqgage,500
gyztinjrgige,200
gyztinryguge,50
gyztkmbthage,200
gyztkmjygage,50
gyztkmrrgmge,50
gyztkmrtgyge,50
gyztkmrugege,500
gyztknrtgyge,453
gyztknzugmge,50
gyztkojygqge,200
gyztmmjygmge,50
gyztmmrqgege,50
gyztmmrsgage,200
gyztmmrtgyge,50
gyztmmrugage,265
gyztmnbugyge,286
gyztmnjtguge,500
gyztmnzsgqge,500
gyztmnztg4ge,50
gyztmnzugqge,50
gyztmojzgege,200
gyztombvguge,50
gyztomjtgage,50
gyztomjugqge,50
gyztomzugqge,50
gyztonbqg4ge,500
gyztonjugqge,200
gyztonjxgyge,500
gyztonrsgege,200
gyztqmbwgene,104
gyztqnjrgqge,200
gyztqnjrgqge,200
gyztqnjwg4ge,200
gyztqnrvgyge,50
gyztqobxg4ge,50
gyztqojqgige,50
gyztsmbygqge,50
gyztsmrvgage,250
gyztsnbsgmge,50
gyztsnbtgige,50
gyztsnjug4ge,50
gyztsnjugage,50
gyztsnjwguge,500
gyztsnzqguge,500
gyztsobwhege,50
gyztsojzgmge,500
ha2dgmzxgege,50
ha2dgnrwgige,50
ha2dgobvgmge,50
ha2dgobvhege,550
ha2dimjqg4ge,50
ha2diobyhage,200
ha2dkmjugage,50
ha2dknrtgage,50
ha2dmmjtgqge,50
ha2dmmrugige,50
ha2dmmrwguge,50
ha2dmnbugyge,200
ha2dmnrygmge,50
ha2domjrg4ge,550
ha2domjzgmge,50
ha2domrugige,50
ha2donbuguge,500
ha2donryguge,500
ha2doobqgmge,50
ha2doobuhege,500
ha2doobvgyge,500
ha2doobzgene,50
ha2doobzgyge,500
ha2dqmjwhege,50
ha2dqmrxgige,500
ha2dqmrxhage,50
ha2dqmzqg4ge,500
ha2dqnbvgqge,50
ha2dqnbxguge,50
ha2dsmjzhege,200
ha2dsmrrgage,500
ha2dsnzugmge,50
ha2dsobsgyge,50
ha2tamjtgmge,83
ha2taobtgqge,500
ha2taobyhege,50
ha2taojtgqge,50
ha2tcmbqgige,50
ha2tcmrugqge,50
ha2tcmzvguge,50
ha2tcnbxhage,50
ha2tcnrugyge,50
ha2tcnzyhege,50
ha2tcojrgene,200
ha2temzvgyge,50
ha2temzwgyge,500
ha2temzygmge,50
ha2tenbvgige,200
ha2tgnbxgage,50
ha2tgnjtgyge,50
ha2timbzgege,50
ha2timrrguge,50
ha2tinjuhege,50
ha2tinjzgage,200
ha2tinjzgqge,500
ha2tinzxgage,500
ha2tkmruguge,200
ha2tkmzthage,550
ha2tkmzxhege,50
ha2tknbugege,50
ha2tknryguge,50
ha2tkojsguge,50
ha2tmmbqhage,407
ha2tmmjygige,991
ha2tmmrugyge,500
ha2tmmzsgege,500
ha2tmmztgyge,200
ha2tmnjshage,200
ha2tmnrrgene,500
ha2tmnrsgyge,500
ha2tmnrtguge,500
ha2tmnzrguge,500
ha2tmnzsgqge,500
ha2tomjwg4ge,539
ha2tomjygege,50
ha2tomruhage,500
ha2tonbqhage,50
ha2toojvhage,573
ha2tqmbyhege,50
ha2tqmzrgene,500
ha2tqnbtgage,50
ha2tqnbtgege,50
ha2tsmryhage,200
ha2tsnbtguge,50
ha2tsnbxhege,50
ha2tsnzuguge,50
ha3damrqgqge,500
ha3damrshage,500
ha3dcmrzhege,50
ha3dcojvgage,50
ha3dcojwgqge,50
ha3denrsgage,200
ha3denryg4ge,500
ha3deobshege,250
ha3dgmjshege,50
ha3dgnbtguge,50
ha3dgnbygege,200
ha3dgnztguge,200
ha3dgnzwguge,50
ha3dgojygyge,500
ha3dimjzgmge,50
ha3dimrtgene,50
ha3dinbwgage,200
ha3dinrzgmge,50
ha3dinztgyge,50
ha3diobxg4ge,55200
ha3dknbrgqge,550
ha3dknjwhage,50
ha3dknrrgene,50
ha3dknrthege,50
ha3dknzsgqge,500
ha3dmmigenes,200
ha3dmmjxgene,50
ha3dmmrygyge,50
ha3dmnjxgene,500
ha3dmnrtgage,500
ha3donbvguge,50
ha3donbygyge,50
ha3donzsgege,50
ha3dqmagenes,50
ha3dqnzqgage,50
ha3dqoagenes,1131
ha3dqobsgage,500
ha3dqojzgmge,50
ha3dsmzvhage,50
ha3tamrtguge,50
ha3tanbvgege,50
ha3taojyg4ge,50
ha3taojygyge,50
ha3tcmbthege,550
ha3tcmjsgage,50
ha3tcmjshage,50
ha3tcmrrgqge,50
ha3tcnzwgmge,550
ha3temrrgige,203
ha3temztgmge,50
ha3tenjwgege,50
ha3teobygege,50
ha3teojrgqge,50
ha3tggenesis,50
ha3tgmbsgige,50
ha3tgnbtguge,50
ha3tgnbwgene,500
ha3tgnjwguge,50
ha3timbsgyge,500
ha3timjsgege,500
ha3timjtg4ge,50
ha3timjzgyge,50
ha3tinbrgege,50
ha3tinjshege,50
ha3tinjyhege,50
ha3tiojrgmge,50
ha3tmnzygege,50
ha3toobshege,500
ha3tqmygenes,50
ha3tsmzqgqge,50
ha3tsnbrgage,50
ha3tsnjsgqge,500
ha3tsnjyg4ge,50
ha4damigenes,550
ha4daoigenes,50
ha4dcmbsgyge,550
ha4dcnagenes,50
ha4dcnjzg4ge,500
ha4dcojrgege,482
ha4denjugige,50
ha4deobuhage,50
ha4deobvgege,500
ha4deojugqge,500
ha4dgmjrhege,50
ha4dgmryhege,50
ha4dgnrqgqge,50
ha4dgobxgene,50
ha4dimrxhage,50
ha4dinjvgqge,50
ha4dkmrugene,50
ha4dknrugene,200
ha4dknruguge,50
ha4dknzugene,50
ha4dknzxgene,500
ha4dknzzgyge,50
ha4dkobwgmge,50
ha4domrzhege,50
ha4donzqhage,50
ha4dqmjzguge,200
ha4dqmrsgege,250
ha4dqnjsgige,500
ha4dqobsguge,200
ha4dsmbzgige,200
ha4dsmjqhege,50
ha4dsmjyhage,50
ha4dsmzqgage,500
ha4dsmzxgige,500
ha4dsnjrhege,930000
ha4dsnjzgqge,50
ha4dsojwhage,200
ha4tambvgage,50
ha4tamjsgene,200
ha4tamrqgqge,50
ha4tamrwgege,500
ha4tamzsgqge,500
ha4tcobshege,50
ha4temjsgqge,372
ha4temzygyge,50
ha4tenbzhage,50
ha4tenrthage,50
ha4tenzugqge,200
ha4teojwg4ge,200
ha4tgmagenes,50
ha4tgnztgige,50
ha4tgojthage,860
ha4timbzgqge,248
ha4timjqhage,50
ha4timjvgige,50
ha4timjzgage,500
ha4tinbugige,124
ha4tinrsgage,500
ha4tinzxhege,200
ha4tiobsgyge,559
ha4tiobtg4ge,500
ha4tiobyguge,500
ha4tiojugige,200
ha4tkmbvhege,50
ha4tknrxg4ge,50
ha4tknzzgmge,50
ha4tmmqgenes,50
ha4tmmzugmge,500
ha4tmmzzgige,550
ha4tmnrsgige,50
ha4tmojshage,500
ha4tmojvgyge,200
ha4tombqgege,50
ha4tombrgqge,50
ha4tonrygege,307
ha4toobwguge,200
ha4tqnbqgqge,550
ha4tqnrwgige,200
ha4tqnrxguge,50
ha4tqobygqge,500
ha4tsmrqguge,50
ha4tsmzygege,50
ha4tsnzvhege,50
ha4tsobygmge,50
haitang12345,759
haizeiwang23,50
haklhl111111,50
halfslightly,53290
halizulibuli,89
hamei12345zw,50
hammer1nvest,50
hanbitcouser,537
hanhuiyaoeos,50
hank21eos345,50
hanzhuohao11,219
haohaohao555,10
haomingzi123,50
haoyangmao11,20
happyeosbank,50
happyeostree,50
happytogethe,500
happywithyou,691
hardfeiqingc,50
harmile22222,50
hashbabycom2,0.0037
haydambwgege,500
haydamjugege,50
haydamjvguge,50
haydamztguge,50
haydamzxgmge,500
haydanbvgege,2550
haydanjwgige,50
haydanzxhege,200
haydcmrqguge,50
haydcmrwgyge,414
haydcnrqg4ge,50
haydcnzrgige,50
haydcnzygige,50
haydembvg4ge,50
haydembvgege,50
haydembyhage,500
haydemjqgqge,50
haydenbrgene,50
haydenrqgmge,50
haydenrugmge,50
haydenztguge,500
haydgmbxgqge,50
haydgmbygige,50
haydgmjvguge,50
haydgmzzhage,50
haydgnjqgmge,550
haydgnjyguge,50
haydgnzrgege,50
haydgnzvgyge,50
haydgnzygqge,712
haydgnzzg4ge,50
haydimbrgege,50
haydimbtgege,200
haydimbugqge,500
haydimbwhege,50
haydimrxgmge,50
haydinjsguge,200
haydinjwgage,50
haydinrqhage,50
haydinrugene,126
haydioagenes,550
haydiobsgege,50
haydiojtgene,250
haydkmbxguge,50
haydkmjthege,50
haydkmrvhage,50
haydknjqgage,50
haydknjvhege,50
haydknrtgyge,500
haydknruhage,50
haydmmbtg4ge,200
haydmmjuhage,50
haydmnbygene,50
haydmnygenes,97
haydmnzxhage,50
haydmnzzgege,500
haydmobwgqge,50
haydmojzgage,50
haydomjzhage,438
haydqmbygmge,550
haydqmjzhege,200
haydqnjugqge,50
haydqnjwhage,50
haydqobrgage,50
haydqobrgmge,50
haydqobugage,604
haydsmbsg4ge,50
haydsnjuhege,50
haydsojyhage,50
haytamjsgage,50
haytamzrgmge,500
haytanbqgyge,50
haytanjxgege,500
haytanrrguge,50
haytanrygyge,500
haytanztgqge,101
haytaobqguge,200
haytcmbshage,200
haytcmbugmge,250
haytcmjrgige,500
haytcmzrhage,200
haytcnjuhage,500
haytcojvguge,500
haytembxhage,102
haytembygage,50
haytemrqgmge,2500
haytemrrgmge,50
haytemrygege,500
haytemzzgege,50
haytgnrugage,50
haytgnrzgqge,50
haytimjrgyge,500
haytimjzgene,500
haytimrzgqge,50
haytinzsgige,200
haytinzwguge,250
haytinzwhage,1938
haytkmbwgege,500
haytkmrvhege,50
haytkmzqgmge,250
haytkmzshege,500
haytknzqhege,50
haytkojwgege,50
haytmmbtgege,50
haytmmbxgege,200
haytmmbzgage,200
haytmmzugyge,50
haytmnbxgige,50
haytmobqg4ge,50
haytomjvgmge,50
haytomzvgage,50
haytonrzg4ge,200
haytonrzgige,610
haytoojwgige,50
haytqmbqgage,10
haytqmbtg4ge,200
haytqmjtg4ge,50
haytqmjzgmge,50
haytqmzzgige,500
haytqnbqhege,50
haytqnjygage,50
haytqnzyg4ge,50
haytqojugqge,500
haytsmrqgyge,50
haytsmrxhege,50
haytsmzqguge,250
haytsnjzhege,50
haytsnzrgage,50
haytsobzgege,50
hazdambvgige,500
hazdamrygyge,50
hazdamzsgege,50
hazdanjugege,847
hazdanjxguge,50
hazdanzqguge,903
hazdanzsgqge,200
hazdanzugige,50
hazdaobyguge,50
hazdaojvgyge,50
hazdcmbxgmge,50
hazdcmjwgmge,2500
hazdcmrxhage,50
hazdcmrzguge,50
hazdcnzxgyge,50
hazdcobqgege,500
hazdcojrgyge,200
hazdembxgage,50
hazdemjuhege,50
hazdemjwguge,50
hazdemrugmge,50
hazdemrxhage,500
hazdemzwgmge,50
hazdemzygege,50
hazdenbwgige,50
hazdeojrgige,50
hazdeojug4ge,50
hazdgmbygige,50
hazdgmjsgyge,50
hazdgmzuguge,500
hazdgmzvguge,50
hazdgobshage,50
hazdgojrgage,500
hazdimjrgage,500
hazdimzvgqge,500
hazdinbxg4ge,550
hazdinjvhage,500
hazdiojwgege,50
hazdkmjrgmge,50
hazdkmzugage,50
hazdkmzxguge,50
hazdknjshege,50
hazdknrzgqge,50
hazdmmbxg4ge,50
hazdonzwhage,50
hazdonzxgmge,683
hazdqmbugige,200
hazdqmjtgige,500
hazdqnbrgege,500
hazdqnjrgage,50
hazdqnjzg4ge,500
hazdqnzqgige,50
hazdqnzqhage,50
hazdqobygqge,50
hazdsmjwgige,550
hazdsmzvhage,550
hazdsobzg4ge,50
haztamrtgqge,50
haztamzugege,50
haztaobzgmge,200
haztaojwgqge,550
haztcmbyguge,50
haztcmjzguge,550
haztcmzuguge,50
haztcnbqgmge,50
haztcnjvgege,50
haztcnzvg4ge,500
haztcobqhege,200
haztembwguge,50
haztenzugqge,200
hazteobyg4ge,50
haztgnbqhage,200
haztgnbzgmge,50
haztgnruhage,50
haztimagenes,50
haztinbrgmge,50
haztkmruhege,50
haztkmrygage,550
haztknzxhege,50
haztknzzgmge,50
haztmmbtgege,200
haztmnbvgyge,50
haztmobzg4ge,50
haztonzqhage,500
haztonzrgene,200
haztonzxgage,500
haztoojyhage,50
he2daoagenes,50
he2dkmrrgene,682
he2dooigenes,50
he2tanjwgene,50
he2tanqgenes,500
he2tkmagenes,50
he3tcnzqgene,200
he4dambsgene,595.8491
he4dmmygenes,200
he4teojqgene,550
he4tmmrwgene,50
he4tsmzugene,50
heapsdecent1,200000
heartvergil5,72
heaterville1,1000
hedlhedlhedl,200
hehehenkyeos,10
heimanba1221,50
helenutaheos,50
helloeos3344,953
hellomeetone,999
hellosouthex,50
helloxunqiu2,180
henrymazer31,200
hepengcheng2,50
hericpengeos,50
hermannekker,2550
herojie12345,50
hesseleos143,50
heybilly1234,50
heydamzxgmge,50
heydanjvgige,50
heydcmrqgmge,550
heydcmrtgage,50
heydcmzwguge,50
heydcnrvgege,50
heydcobugige,200
heydenzwgege,500
heydgmbuhege,200
heydgojvgqge,50
heydimzwg4ge,550
heydimzygige,50
heydimzzgqge,200
heydinbtgyge,500
heydinjsgage,500
heydinryg4ge,345
heydinzwhege,50
heydiobrgmge,50
heydiojshege,50
heydkmzsgige,200
heydknrygage,50
heydkojvgene,50
heydmmrugege,500
heydmnbyhege,50
heydmojygene,50
heydombsgage,50
heydomjvhege,50
heydomjwg4ge,50
heydonjygyge,50
heydqnbsgage,50
heydqnjqgege,50
heydqnrwg4ge,50
heydqobug4ge,50
heydqojtguge,50
heydqojvgege,50
heydqojvgene,50
heydsmrvhage,50
heydsnztgage,50
heydsnzvgmge,50
heygirlilove,50
heytamrsguge,500
heytamrvgyge,200
heytamzwg4ge,50
heytanjygige,750
heytcnrzgqge,50
heytcnzqgige,500
heytcojrhege,50
heytcojsgage,50
heytembugmge,200
heytembyguge,50
heytemjvgige,50
heytemjyg4ge,50
heytenbugege,200
heytenrqgyge,50
heytenrsgage,50
heyteobugage,200
heyteojvhage,50
heytgmjsguge,50
heytgmjwgage,50
heytgmrshege,50
heytgmrug4ge,50
heytgmrzgage,123
heytgmzvgege,50
heytgnztgqge,50
heytimbtgmge,50
heytinbuhage,200
heytinjxguge,200
heytknbrg4ge,50000
heytknjwguge,50
heytkojshege,50
heytmmbwgyge,200
heytmnbsg4ge,167
heytomrwgage,500
heytonbsgyge,50
heytonjvgmge,504
heytonzqhege,50
heytqnbtgyge,550
heytqnbwguge,500
heytqnbyguge,50
heytqnjqgyge,450
heytqnrvhege,50
heytqobzg4ge,50
heytsmrrhage,424
heytsnrxgege,500
hezdamjsgene,550
hezdanbqhege,500
hezdaobxgqge,50
hezdaojzgage,550
hezdcmagenes,50
hezdcmbqgage,200
hezdcnbugige,500
hezdcnrvgege,50
hezdemjqgqge,50
hezdemjyg4ge,200
hezdemrwgige,50
hezdemrwhage,50
hezdemzshege,200
hezdenjuhege,50
hezdenrwhege,50
hezdenrygage,157
hezdeobxg4ge,50
hezdeojsgqge,50
hezdgmbxg4ge,500
hezdgmjrgage,500
hezdgmjygmge,500
hezdgmrqgmge,500
hezdgmrxgyge,50
hezdgmzqhage,500
hezdgnbxgige,200
hezdgnjsgege,50
hezdgnrxgige,50
hezdgnrxguge,500
hezdgobqgqge,50
hezdgojugyge,500
hezdgojvgmge,50
hezdimjshage,50
hezdinbwgqge,500
hezdinjyhage,200
hezdinjyhege,50
hezdinrrhage,500
hezdinryg4ge,500
hezdinzwgqge,50
hezdiojyhage,50
hezdkmztguge,366
hezdkobrgege,50
hezdkobzhage,500
hezdmmrrgqge,500
hezdmmzsg4ge,500
hezdmnbtgqge,500
hezdmnbzguge,200
hezdmnjsgmge,200
hezdmnjwgige,200
hezdmnjxgqge,200
hezdmnrqg4ge,200
hezdmnrug4ge,50
hezdmojthege,50
hezdombygege,200
hezdombzguge,500
hezdomjvgyge,200
hezdomjxgyge,500
hezdomzugige,500
hezdonjtgqge,500
hezdonrqgege,500
hezdonrugmge,500
hezdqmbxhage,695
hezdqmrsgige,289
hezdqmzrgyge,790
hezdqnbvgage,50
hezdqnbyg4ge,200
hezdqnzyhage,500
hezdsmjzgege,500
hezdsmrzgmge,50
hezdsnjsgege,88
hezdsobyguge,500
hezmundsayge,200
heztambsgmge,50
heztanbsgqge,50
heztanrqgene,4969
heztaojyg4ge,500
heztcmjvhege,500
heztcmrxgage,200
heztcmzrgmge,250
heztimzwgene,200
heztkmbygene,10
hhhhhhh12345,50
hhkkkkkkkkkk,50
hhuichen5323,50
hhxx11141242,50
hiddendragon,200
hjangsoo1315,50
hkui11112345,910
hntoldoobies,50
hoangnamqnvn,200
hodlprincess,168000
honghong1234,297
hongyh123455,50
houdian55555,628
hqy112233555,507
hty123454321,983
huajingshare,50
huangbaoqiu1,50
huangflysonw,50
huanggejian5,50
huanghao1313,50
huangpi12345,654
huangping123,50
huangruikang,313
huangwei1314,50
huangxiao123,913
huangyutang5,110
hubeoswallet,10
huchun425425,50
hudailin4321,937
hudwangeosgo,50
hugoheynard1,10000
huhaiping123,50
huizhao12345,50
humanwrites1,46800
hunkzheng123,837
hunterofural,50
huobipockets,100
huojunxineos,50
hushao123123,50
husmenhusmen,200
hustonzhang1,50
huwenjing215,50
hvoyance1234,50
hwg111111111,50
hxqhxq555555,50
hyeonsik2135,10
hyj123123123,50
hylcasheos11,50
hyperpayeos1,50
hyperpaytech,736
hyyyyyyyyyyy,980
iamacatlover,50
iamguanxiang,275
iamsmurfette,671
iamverysmart,50
ianjeffreys1,50
ichirotanaka,50
idblockchain,491
idft11111111,50
idice.x,50
idontknowbae,200
ieos11111111,50
ieosblochain,50
ifuckalibaba,917
igdmahatma12,50
ihavesomeeos,50
ihuangnanjie,50
ikeswallet33,15600
ikosjistudio,60
ikrikrikrikr,50
ilikebread12,50
ilikeeosmore,10
ilikepuppies,280000
ilovecoffeee,50
ilovemask123,50
ilovenetease,50
iloveqiqiyou,406
iloveyoojane,10
iloveyou2324,10
iloveyoudapp,50
iloveyoushan,50
iloveyouwyue,50
imchineseboy,774
imeoscon1234,50
imjiayueting,50
improgambler,50
imzhanshulin,50
incredibleme,427
indiemusic55,32500
ineedyou1314,50
infinitygems,50
inkycaps4444,50
innohyun1eos,50
inqukuailian,139
intutkri23tu,10
investingwad,50
ionmantrader,50
iossssssssss,50
ipokerplayer,50
ironman54321,10
ironmanineos,200
ironmonkeeee,50
islandhopper,50
israeljuarez,200
ithanksallah,50
itmax1111111,153
itsjustijohn,200
ivanhuangeos,50
ivanhuesoeos,50
ivanwalletho,328
iwantyoubaby,255
j.eos,50
jacbpan12345,50
jackhussein1,10
jackiereysky,50
jackmeicash1,50
jackoinvest1,31200
jacktian1234,50
jacsonboon12,50
jaderozzoeos,50
jaehyunsonkr,50
jamesclifton,80000
jamesloveeos,120000
jamesmacduff,10
jamiegardner,48000
jamielhoward,281
jamiexing123,50
jas111222333,50
jason3233445,863
jasongu12345,50
jasonjasonjc,50
javascript44,10
javascripter,906
jaychen12345,415
jayhomwei123,50
jctomiconeos,200
jeditao12345,50
jeeeeeeeeeee,50
jeepersahara,50
jennytang521,50
jeromethorb1,46800
jerrison42k4,50
jerrison42k5,200
jerryli12345,50
jerrysledger,50
jewishprince,50
jgabrielsson,2026.6877
jhleetrading,50
jianfeng1234,179
jiang.x,50
jiangchen123,50
jiangjiang21,148
jiangjianguo,50
jiangjieshi1,125
jiangtingmei,881
jiangwenyan1,50
jiangyy12345,538
jianhuazhang,176
jianhuneosmt,50
jianjun13542,50
jiaojing1234,50
jiapeosianst,50
jiayueting11,50
jichengbin55,50
jikeapp12345,2000
jimifrewseos,73059.5322
jimmysh12345,395
jinbi3123333,57
jingyan11111,50
jjsjjsjjsjjs,50
jm1hy2su3hs4,10
jmadgmjtawjm,50
joe33idcrozz,50
joelbell1312,31200
joelrochelle,50
johnathaneos,50
johncobalt12,200
johnkuscheos,50
johnnyye1234,50
johnsonya521,50
johntrump123,50
johnykek1511,10
jomywellsaid,50
jonathandlm1,200
jonghobaek12,50
jonmagnusson,25000
jordanwang11,50
jorisaccount,50
josepheosman,50
josephwhelan,50
joshmckinnon,72000
joshuataylor,50
joylisten123,136
jsmile111111,306
jsyjsyj12345,60
jszgjjh12345,50
juerkerler22,50
juhyukmt1111,50
julianmitz35,50
juliejulie33,50
jungyublee11,50
junopark4525,10
juntermeieos,50
juntermeieos,50
justfly2mars,398
justjoolz123,200
jwyeoswallet,50
jxgdmyjyydyb,50
jxz235235235,849
jyxiaobiubiu,242
kaiqinhuang1,290
kaixinkaixin,50
kaka11111111,50
kangda555555,50
kaptanmuhit3,200
kassiaonline,50
kcensnev4hgj,90900
kcfraukcfrau,50
kcpham111111,200
kd1mc2carthy,10
kebite121234,50
kechdosfados,10
kedartheiyer,1000
keenetikwolk,200
kellyspring1,292
kendejiwu233,901
kenmccart311,10
kenny.x,2902
kensfuncoins,761
keoslive1314,50
kertpilman12,200
kevinwuiseos,50
kexiansheng1,50
keyeoskeyeos,50
keyisperfect,1888
keyoufen4321,50
keystone1111,50
kice22athrun,1688
kichan123451,50
kihadj1234js,50
kilimanleo55,50
kilsoomoongo,50
kimhyonyeon1,50
kimsucre1234,50
kinggodeosio,50
kingofshadow,200
kissmedeadly,50
kiwichef1111,96000
kjieoswallet,10
kkexkkexkkex,738
kkkeos123123,50
kkkzzzwww444,156
klmno125drdd,50
klosowskieos,50
knightknight,50
knightplay11,50
knipwallet11,200
koelemannoud,200
koenigseggab,50
koichieguchi,50
kongbai11111,50
koperasiqita,50
koreaaaaaaan,20000
kpstreefkerk,2554
krakenkraken,1543
krsteelreath,50
kthulhu13243,200
kuangye12345,50
kui111111111,54
kwengowvcoee,50
kyteoswallet,10
kyungkyung11,10
l12345l12345,50
lablockchain,50
lachiedazdar,200
lachlandalto,10000
landsurveyor,10
lanmorrisxxx,476
lanronghong1,50
laotie.y,50
laoyaowoaini,171
larissaineos,50
larosy.x,50
larry5555555,50
lastkaro5432,50
lastshadow11,50
lawyerqian11,50
leason111111,50
leckoaccount,50
ledgereoseos,10
leekangeung1,50
leeling12345,50
leemoon2124m,50
leeswang1211,50
leilook12345,50
leiming12345,50
lekhakmaruri,10
lemyeospurse,50
leon33512111,50
leoncolesnic,50
leonorcastro,10
leoshuaigao1,50
leoxiaoge234,50
letruongkhoa,10
letsgooooooo,50
leyu1234leyu,50
lftracy12345,50
lh1122334455,50
lhatton12345,241000
lhy131455555,50
lhykwellkiki,50
li5555555555,50
liamfitzy222,200
liang1212121,1888
liangjacky11,50
liangzh11315,50
lianliancj12,50
liao12345555,50
liaochunping,477
liberty11111,777
libing112345,50
lichanspisan,200
lichnosammmm,10
licklihuieos,50
lifang123451,50
lifeisgoodok,280000
lifeisstupid,10
lifepartners,50
ligeng123321,624
lihdluowykyv,50
lihuangming1,50
lijunguang12,50
liketwilight,10
lilanqi12345,50
liminwang444,50
linbaochuan1,50
linchunliang,413
lingchi12345,129
lingchong123,50
linggucuiwei,50
linguangkun1,936
linjianchina,50
linjiangxia1,618
linshiming33,920
lintianming2,580
linxheos5432,50
linyanjun525,799
linyuanming1,50
liping112233,50
lisanatelegr,50
lisichen1234,304
littlebeauty,868
liu123123123,50
liu512513514,658
liucczj12345,100
liuguohua123,50
liujiangmin1,50
liuliangieos,50
liulongxumin,50
liushu112345,50
liushujun123,50
liuxiaoge123,685
liuxiaojian1,50
liuyang54321,50
liuzhijunwad,50
liveeveryday,50
livelovegive,10
livelovelife,50
lixiaofei222,50
lixiaolong11,50
liyan5555555,50
liyidadi1111,807
liyuxuanbank,50
liyuying1221,50
lizhen111111,672
lizihao12345,886
lizizhou1234,50
lizongxun121,50
ljd123453333,50
ljm1314211jm,50
ljmetronix23,500
ljs333333333,50
lktolyq21435,50
lkyeos111111,50
llgcyf123123,534
lllanzhaohui,570
llove1314521,50
localcoin555,50
logintemp123,50
longleg12121,50
longuhu12345,50
lonlywolf123,50
lookatforeos,50
lossnomother,50
lotterieseos,50
lotusdogpham,50
lovcom111111,50
lovedubafang,50
loveisondway,200
lovekeos1314,50
lovelove1234,50
loveluwei123,50
lovelyeos521,55
loveni1314bb,50
lovetogether,50
lovexiaowu11,50
loveyangyang,488
lpengxrning1,50
lr2345lr2345,667
lsoooooooooo,50
ltpfj4all313,50
lu1225hjs325,50
luansida1111,50
luanxiong111,283
lublockstory,50
lubo11234512,50
lucasklo1111,200
luck.eos,478
luckluck2333,483
luckyaddress,50
luckyforjett,50
luckymeetone,50
luckywhisper,50
lucy54521131,50
lukeskywalkr,50
lukewhoenas1,50
lukeyangcccc,50
luochangsong,50
luogang12345,848
luoshuiwen12,50
luowenfei111,50
lutingeos123,50
luzhiang1234,50
lvze12341234,20
lwx111111111,930
lxf112233445,50
lxy1115meet1,86
lxzabcd12345,50
lyfechaineos,500
lynxstewfe12,50
lyophilizers,500
lyphexjn1314,50
lz1234512345,50
lzd223355lzd,50
lzg333333333,50
lzonbn245123,58
lzw123455432,662
m3hmoodkhaan,200
m3shl1ikprox,10
madmaxrush12,10
magiclyl3333,50
magicwallet1,10
mai123452222,50
maigodziliad,50
maizi1231231,50
maji11111111,50
makeeos2moon,50
makeoshmifty,50
mandyqinffff,50
mandyshauner,50
maneosfaith1,50
manimaldesig,200
maninblack43,50
manoliwallet,50
mansamusa121,270
mansamusa222,105
manyigoutong,50
maodaishanid,505
maomao111111,212
maomao222222,232
maomaoaaaaaa,234
maomaobbbbbb,251
maomaocccccc,243
maomaodddddd,220
maomaoeeeeee,236
maomaoffffff,235
maomaogggggg,237
maoyunhan123,896
maozedong122,50
maozhong1234,50
maplechen123,50
mapleleafcap,50
marcodin1324,50
marcxblinder,50
marekvrba111,295
marenti12345,899
mariness5432,50
marinpusca22,50
mariusz55eos,200
markaldridge,50
marketeer123,50
marketrelays,50
markmainacct,50
markrelliott,10
markroddy155,481000
marksigmund1,50
marlboroxuan,50
marshalllong,50
martin111333,50
martinlegend,814
marynextdoor,50
mashedpotato,50
masterminded,805
masternodeos,2080000
materialised,50
mathematized,200
matiasvadavs,200
matrixium555,50
mattalwalker,200
matthew12345,10
mauriceateos,50
maurilueosio,50
maximusay222,50
maximuspower,10
mbrewster123,31200
mcfryondafly,92
mechengineer,50
mediterranos,200
meet1reward1,808
meetearon521,50
meetone12321,489
meetone14253,606
meetonebaidu,657
meetoneilove,501
meetonelinch,50
meetoneliqun,670
meetonemoom1,612
meetoneosgov,50
meihaomeihao,50
meiyuanmei55,50
memeda.e,50
menglingzhou,50
mengqingsong,50
mengying5eos,50
menshengrich,50
meteo1meteo1,200
meteoriron12,50
metinsenyurt,200
mhq123mhq123,50
miaomiao2345,50
michaelhazen,200
michaelqzq12,572
michaelrydon,31200
mickey123455,50
mickeymantle,50
mickpopozmxz,50
micksonmyeos,50
microgravity,50
micromooning,25000
mik123412345,50
mikechan5555,50
mikechileeos,244
mikezzzzzzzz,200
milenraychev,50
minakokojima,50
mingguan1234,1688
minkyeongseo,50
mirongbaobao,50
missuheyuecc,50
mistruster12,697
mixinnetwotk,10
mjshenmmll21,50
mlcccccccccc,545
mmry11mmry22,5000
mmymlqm12345,50
mohammedsp33,200
mojiwallet22,50
momensysjin1,50
moncompteeos,250
mongolhardwr,50
montelljones,50
montinizzzzz,50
monwalletone,50
moonandlambo,50
moonboy11111,20000
moonmansookr,10
moonportugal,50
moosecattlee,26000
moreeosforme,196
moreeostoday,50
morewithdraw,50
mortenaamodt,100000
mosiaicofund,50
mostyummyone,50
movntxnskoiz,925
mqs123123123,50
mryeateshere,60000
mspennymoney,50
munizfranco1,20000
museweiliang,50
muzimuli1234,1688
mwycghcyyidr,50
mxcexdeposit,264
mxtzww1124ww,50
my5555555555,50
myahyadeveos,10
mydeostokens,50
myeos1122334,50
myeosholding,10
myeosismyeos,10
myeosmyeos11,50
myeosmyeos55,50
myeosperfect,50
mygoodwallet,10
myliulove222,783
myloveyou123,50
myloveyoueos,50
mymomswallet,50
mynameisbond,50
mynameistoby,10
myneweosacc1,10
mypreciousss,50
mysteorrrrrr,50
mzlshjc11111,50
mzlshjc12345,301
n.e.w,656
nagasakiyaho,50
nakago444444,50
namaste22222,50
namehdkdl155,10
nanfeixiang1,50
nanguajiaded,50
narsimharaog,846.7661
nathanrempel,60000
nathen512512,50
nathwilson12,31200
nawuda112233,50
nazar1eos1ua,60
ndyuunisgood,845
needmvonline,200
neilopeilo15,20000
nekoyakaimin,50
nenzasnenzas,50
networkoneos,50
neverlyagain,50
newdexinvite,50
newdexiocold,959
newdexiofees,119
newdexpocket,957
newdexwallet,649
nexussound12,120000
nghsxyl12345,50
ngxbv3jgrz21,50
nicholas.x,50
nickpollard1,200
nightcici123,50
nihaoqianbao,571
nihaoyouzi55,50
nijianguo121,50
nikitanikita,200
ninaspirkova,131
niujian11223,50
nkkkkkkkkkkk,528
nmemtf112233,587
nogster12345,528940
nohdaeyoung1,50
noryoroenmi1,200
notmyaccount,200
noxnoxnoxnox,10
nuanfengkeji,705
nujam2sensen,50
numberwang12,217
nvadrzmuzdie,50
nwfxtkhqjwxb,200
nympiecaixsi,200
nyt131455555,50
octo44thofev,757
ohskrx123fub,50
ojbkojbkmeet,50
okbtothemars,50
okbtothemoon,50
okeoschenkui,50
okextokeneos,966
okokokokokok,50
olinmagot233,200
olisadarling,789
oliviachan.x,50
omg.game,605
omgwtfbrbbbq,200
one111111eos,50
oneeos1dream,98
oneloudstang,50
onespoon1111,50
onetaoeos123,50
onetwothreee,50
onlyonestork,53
onochain.e,100
oooooommmmmm,50
ooooooooooll,50
oooooooooooh,50
openaiwallet,50
openandclose,50
otcbtcdotcom,801
otceosethbtc,578
ouxuechuneos,50
ovallesergio,50
overthehedge,50
ovtip2gyt132,50
ox111sennmac,260
p1a2n3y4i5mg,551
p1nkdragon13,50
paddygrattan,48000
paidgoodleyo,10
painkiller23,50
paipaiwallet,50
panagiotakis,50
papabab22222,50
paradisesric,50
parkerwind43,80000
parksehyun12,50
parrot214313,50
parseltongue,50
patcryptorea,10
paulceh12345,10
paulingers12,210
paulrattigan,31200
pdhmss151515,50
peacefreedom,50
peghuieos11a,50
peidongqi111,50
pengbo123eos,50
pengdongdong,50
penghaodeeos,50
pengjinglong,833
pengkun11111,50
pengluodong1,50
pengpeng2222,50
pengpengxxxx,50
peostoken111,0.0037
peostoken241,0.0074
peostoken341,0.0111
peppeosergio,10
perfectbella,472
perfectfrank,50
pescenicolao,200
petarkashevv,200
peterdonaghy,5000
peterljh1235,50
peterrrrrrrr,50
petrloveseos,50
petrpetrpetr,50
philipkuljit,200
pickbestgift,10
pikachusukai,50
pinganwallet,50
pisidiacilic,400
pkeniubixxxx,50
pketothemoon,50
plasmasphere,2408
playa4skrila,50
playcesfaces,10000
playernumone,50
poiuytr12345,378
pokerhodling,50
pokerplayer1,50
poporoke4343,50
pornhubreall,50
poweredbyeos,10
pp5oo5dd5kk5,50
ppp252243232,50
ppyunji12345,50
pra131314pra,50
praadmin5555,50
prabianjiang,50
prabuzzlight,10
praczl223343,50
pradenis1234,50
pradpk2dme4f,50
pradrawing12,50
praeosye1233,50
pragyllhygxb,50
praisaac2134,50
prajrrv32kxw,50
prakipvrpyjq,50
pralinazzp23,50
pralinxi1111,50
praliyonghao,50
prameetwei33,50
pramemarylan,50
prapraraprap,50
prarnbq3tr1c,50
prasylxqaihx,154
pratzf112233,50
prawangwei11,50
prawen555555,50
prawingkei22,50
prawm3n44sj4,375
praxiaoyao11,50
praxingui123,50
prayifei5211,50
prayxeyxe123,50
prazhangchao,50
prebolitoeos,49.3859
princefamily,50
princevegeta,50
protokenbank,786
pumpernickel,50
purplehaze11,50
purplehaze21,50
pxneosincome,944
pxqewd3uhlkz,7500
q1q1q1q1q1q1,402
qcw112233445,50
qfimtokeneos,50
qianqian1125,50
qianwantuhao,50
qihao2222222,50
qihengloveos,50
qiluoyu12345,1738
qinhong11111,50
qintianmeili,50
qinwenzhong1,202
qiqi33334444,121
qiudao121212,50
qiuiquqiuiqu,50
qiuqingxiang,50
qiushiwallet,50
qixunzhang2b,50
qiyonghui125,50
qjyailcm1314,50
qkrtkdrnjs52,10
qq3143143141,577
qsazqw112233,50
quaaaaaaaarz,148.0399
quanquanm124,560
quantifier11,50
quddhksss123,50
quequeque123,50
quickeosfrog,930000
qwe123123312,50
qweqweqwe123,765
qwer14235112,50
qwerty113344,50
qwertyuiop33,50
qyh123451234,50
qzjxswx12354,729
qzxeosno1234,50
rabagseoseos,400000
rachmaninoff,10
rambogoddess,50
ramdeathtest,50
rameosrameos,50
rammstien123,10
randomneight,1000000
rastilonlon1,10
raystonfox12,50
readythecat1,50
recalcitrant,50
receoswallet,50
reddead11111,50
registerwith,50
reknyeos1111,50
renatacastro,10
retoretoreto,169
rich12345123,722
richardwild1,200
richcrawford,10
richman12345,450
ricksabi2333,952
riddnce12345,500
river1111111,81
rmb.w,728
rmjrmj123123,50
roberteos123,149200
robotization,18340
robthatcher3,31200
rockaby12345,50
rocktheworld,50
rogersalexc1,48010
rolandgarros,114
rollbamaroll,50
romeosilva13,432000
roniwang1234,50
rosemarygetz,50
roshanadith1,200
rsh123123123,118
rsobrero2223,200
ruepinkboots,200
ruicjhcjh123,50
rumexxinvest,10
ruping1314ai,208
russellp1111,200
rvrkingfishr,10
rwclylrym513,832
sabiremanate,192000
safapaksu123,200
saintwinnie1,10
salmanyu1234,50
samsonsin123,50
samstickkzjo,500
sangkijong12,50
sanktpauli52,10000
satanmoretop,50
satoshiwakai,200
saturnplanet,50
saunteroneos,200
savings.bank,50
sawyer123321,50
sbozza123455,10
sby512513514,702
scatteration,50
scatterrrrrr,10
schneider123,50
scoobymeandu,50
scottowen111,50
scottyseosac,46800
sdlesngjsuic,456
sdwnswns1234,50
secondpocket,646
seihyunjeong,50
selcuktopal1,200
sendblakeeos,73000
sendeostomwy,50
sendjaredeos,50
seodata12345,50
seojigwon123,50
seoyoon25451,10
sepehrmohmdi,241
sergiocoin12,200
serschbern11,10
sevenseven33,893
seyhmusdinc1,50
seznamseznam,50
shadowlwq555,374
shandxg11223,50
shangbaolin2,50
shangsenlong,50
shangxiaolan,50
shashank1234,50
shashankagar,200
shb222222222,216
sheltoneos55,318950
shenfajun521,50
shengxiaokai,690
shenyixuan11,70
shenzhenquan,50
shenzhenvint,50
shidexiao111,50
shimrise1235,50
shine2myeosk,50
shinjaewoo11,50
shirongliang,915
shixi1234555,50
shiyuanlinai,50
shortestpath,50
shoufuwuyiqi,732
showtimetome,50
shqjw5555555,862
shunhahahaha,50
shuzihuobivv,10
signupeoseos,50
silhouette23,50
silverknight,50
sim4jangsong,10
simeossimeos,50
simonblueeos,50
simonkwallet,50
simonmcmahon,52000
simplerme525,50
sinneyc11111,50
siqiaoqiaole,841
sireosalot22,50
siriusastern,50
sixthspace55,50
sjc111111115,648
sjt111111125,50
skyskysky123,50
sleetyu52123,50
slipstream11,50
sm5333vvvsss,50
smartisan111,50
smasher12345,50
smilelezhang,596
smileywebguy,200
smurfaccount,464
smurtaccount,50
snakebones34,60
snipercrypto,10
snnnnnnnnnnn,294
so1234512111,50
sobsg4gege2d,50
soccerjayjay,704
soen11112222,50
solidusmoney,50
songchangin1,50
songcongping,49.034
songdobomber,50
songguoallen,50
songguodeson,50
songhuasong1,50
sonycomputer,10
soohumeetone,655
soosinparkkk,50
sorrie2uekke,200
sosbp1111111,955
southexserve,50
southexwith4,50
spacebearvee,200
spacebearvee,200
spamalot1234,24000
splendorimax,10
springflower,50
spyderman251,10
sqsm55555555,855
squareone212,50
sreddysreddy,506
srl123123123,912
ss1111111111,50
sss222222222,677
ssss33333333,985
sstarcitizen,50
starinthesky,50
starlpzhcool,50
starteosbill,50
starteosgame,50
statdonation,50
statzdawgggg,500
stefaanleleu,10
stefannagy12,15600
stellastella,68
sterletineos,50
stonebm12345,50
stuccohippie,50
stvstvstvstv,10
subzero11111,200
successcheng,1988
suchdogewow1,50
suckmydickyo,50
sudodeponeos,50
suguoyu12345,50
suixingerwei,514
suixinzhizhi,50
summerbreak3,518
summertofall,50
sunaiping222,887
sunchengze12,50
sunchengze22,50
sunnybusines,358
sunnyxidada5,50
sunqinlong11,50
sunshine1225,50
sunshinebank,50
sunsuns12345,426
sunyayayanan,50
super1111111,50
superman2222,684
supermegatom,50
supernodes12,50
superpatriot,50
supersecret3,200
supertrooper,10
sweden121212,50
swopeos12345,10
swz121314151,50
sxfsxf123451,543
sxlyjaamain1,50
symshr21abcd,50
syujikundesu,614
syzdx1234512,50
szallooonyyy,50
szdachuan111,50
szlwsaefmsd5,50
szlwsaefmsdf,50
szyaaaa12345,50
taddertadder,50
taewoolee123,50
tanggoodluck,50
tanggupsjgr1,200
tanglin11111,252
tanglin22222,224
tangyan12345,50
tangzhenhua1,972
tanhaitaoeos,50
tankageos333,50
tankmanager1,50
tanyumei1221,50
tanzhangdeos,50
taobaotomeet,465
taoge1234512,50
taphophiliac,500
taraliueos11,173
tassorosso2k,50
taylorswift5,50
tbltblbt1234,377
teachateacha,50
technicatooo,50
techsruptive,50
teemuswallet,10
tengtengteng,50
tengxunjijin,50
terraforming,50
testkauffman,50
testsuperdex,50
testyao12345,50
tgbrvcd12345,50
thaseuseosio,10
theangelwave,10
thebankofdad,50
thebestian11,20000
thebigtazman,50
thedeosgames,629
thedev.x,50
theeoscrypto,50
theeosledger,10
thekellygang,50
themaastrix1,200
themoonflyer,50
thepeosclaim,0.0032
theprolific1,200
thesurferman,50
thetalkchain,50
thingshappen,50
thorbonemann,50
thundercat55,50
tianjinblack,50
tianren52111,40
tianxineos11,50
tianya555555,233
tiefenthaler,50
tingtingsong,50
tj35gbp4hupk,50
tk44vxnk4j5g,200
tlblyy523tcl,59
tnh123412345,50
tobetiocsder,50
tobetiovcoin,50
tobytaroalex,60
tokencountry,50
tokeneconomy,50
tokenkingdom,50
tomlatenite1,50000
tommygun4444,50
tongzhengzb1,651
tonic1234512,50
top111eos111,152
topdogtrader,200
topisthebest,835
toponecoldqb,998
toponetest22,50
torettocoins,200
torontokid13,200
tothemooners,50
toutiao11111,1688
toyotawallet,50
tpmocoeos111,2293
tpparallelj1,50
tradingposts,50
transcendant,901000
translator21,20000
treeofsavior,50
triplelongml,50
trustforever,50
ttbug23block,50
tttvvvbbb111,2138
ttxx42311255,50
tuhao1111111,50
tuotothemoon,50
turnmeonbaby,824
twtwtwtwtwtw,50
txeosmoneker,8094
ucwym3mjsutm,200
udtqcssondud,50
ukfoundation,872
undiplomatic,50
unenumerated,50
uo5bhsapk44k,200
upupeosmacan,222
utilitymuffn,311042
uzi111111111,50
vaetomcevaet,50
valencia5555,50
valid.e,423
vamprgroupoz,250000
vaneckvaneck,927
vestasrothhh,200
vicapple2222,50
victoriausa1,50
victorvictor,10
vietnamezze1,10
vinceldpoker,50
vincent.x,695
vincentchen1,422
vincentlam11,50
vinimsledger,1221
vitalaccount,200
vitalik.x,794
vivenasthana,10
volodymyrptk,200
voluntary123,10
vox5xrs1mic2,50
vpnetconsult,127
vugsybyfu1vq,109200
vvvvmilkvvvv,50
w...w,50
w.w.w,943
w12345543211,50
w1dl1ylcywxz,10
w4mmwyzzj1sd,599
w5rbclucfe1u,50
wafflecow123,50
wailili12345,50
waiwaizp5211,50
walletldongt,50
wallets12345,50
wallets54321,50
wallstreetny,50
wangbin12312,50
wangchangpen,50
wangdcc12345,228
wangfan12345,80
wangfeng5555,665
wangfengtree,50
wanggang2222,50
wanghai11111,50
wangheyaoeos,50
wanghongyu11,50
wangjunwei35,50
wangqiang321,50
wangqianqian,50
wangrenjiecn,50
wangtianyu15,50
wangwan12345,50
wangxiuyoung,50
wangyuanyuan,10
wangyuchang1,50
wangyuxiong1,50
wangzhihua33,69
wanwanbei123,50
warwick12345,200
waxmeoutside,10
wayfarer5555,50
waynethompso,200
wdctlllltcdw,50
wdm521glj521,50
wdmncoinhit1,2753
wdyjhla22121,2265
wdyyddwdy555,109
weallneedeos,918
webmosseos33,200
weereep4ceos,50
wefuckcasino,50
wehaveadream,50
weilonghua12,686
weiyansen543,50
weizhongteh1,50
welovecasino,96
wenbozhang11,50
wencheng1122,50
wenelva12345,50
wenqinvcfund,198
wernerphilip,50
whaleexgo123,30
whaleextrust,982
whalegoesfly,50
whateos12345,50
whatevername,50
whatiscasino,50
whoisjaybugg,769
whxljg112233,50
wijayakusuma,238
william.x,50
winddirect12,50
windermereuk,10
wini2xwini2x,60
wisdomcrypto,200
witchmouse31,758
wkeosimtoken,50
wl3333333333,50
wo4maomi2222,500
woaigongquan,50
woaizhongguo,50
wojiaoyuanfe,50
wolfofisrael,210
wolleosgames,623
wonanimeizhe,50
wonderwoman2,50
wongleungfai,10
wonjaeleeeee,10
woofwoofwoof,559.7002
woojihaneos2,50
wooseungjin2,50
worldplace12,50
woshilucifer,50
wouldithelpm,50
woyaobaofuok,50
wqllydandy15,50
wqllydatneos,50
wqymeetone15,50
wsgongc12345,625
wu1231231314,50
wubin1213141,1888
wudada2eos13,50
wufangwallet,50
wufengsheng1,50
wuhaishengos,50
wujiliushou1,50
wukongisgood,874
wuming123451,50
wuwenjun1234,50
wuxuqiangeos,50
wuyeshen1121,50
wuyunfan1234,50
wwwbmloveyou,726
wwweosexcom1,50
wwweosgovcom,50
wwweosone123,227
wwwhuobicom1,50
wwwwwwwwwvvv,50
wwyangzi1234,50
wxpwxp123455,50
wxwqfwxwqf33,403
wyz521zm2125,50
wzcycai12345,50
wzmzilei4444,50
wzzc22222222,556
x1111111111x,870
x3uthanizerx,10
xavierbtceos,200
xcryptokingx,50
xianeos11111,50
xianghan1232,50
xiangxiang13,50
xiangyang222,50
xiao12345124,50
xiao12345wei,50
xiaobinzhang,50
xiaobudian21,50
xiaoerbaobei,50
xiaomeet1111,846
xiaomiandeos,721
xiaomicenter,50
xiaoning3434,50
xiaopengyou5,50
xiaowuyaosss,50
xiaoxiami123,50
xiaoxiaogo13,50
xiaoxiaopang,50
xiaoxixiaoxi,50
xiaoyang1234,50
xiaoyouzijia,50
xiaqiaoeos23,50
xiejiangli21,50
xiewenbbc123,634
xingchen1414,50
xinhuazhiyao,1000
xiongdejian2,50
xiongqi11111,50
xiongwei1234,50
xjd121212345,95
xjrizhi12345,50
xkiankaslerx,25000
xm.w,50
xmlinruijun4,50
xmst33dg2v35,50
xmzl11333333,50
xmzl33333333,962
xmzl55555555,417
xmzlsh333333,905
xo1234512345,50
xszinqao4how,200
xthorbjornse,31200
xuejian12325,50
xuejinchen24,50
xueyh1111111,50
xuhuafengeos,50
xujianjie123,788
xunxun111111,715
xutaodeeoszh,50
xuwenhuieos2,576
xuxiuchai321,50
xuyongxl2233,50
xuyoubotoken,50
xuzhiruieos1,50
xwdw52255215,50
xwillostlerx,100000
xx4444444444,50
xxbadpandaxx,922
xxhwxr123123,50
xxiaotaiyang,441
xxm333333333,678
xxxx55555555,988
xyl111222333,50
xymxymxymxym,840
yadavsanket1,200
yanfeiyanfei,50
yangeospang2,50
yanghappnews,50
yanghuan1234,367
yangjg111111,976
yangjun12345,50
yangqingdeqb,50
yangsheng524,174
yangxulongyy,50
yangying1234,50
yanhua131413,170
yanjinsen123,803
yanzeyongeos,50
yanzhaoqi123,50
yaowanloucun,50
yaoximin1224,50
yaozhian5555,50
yaroslavm155,50000
yassertabbaa,50
yb1122334455,381
ybweos555555,50
ycj123451111,590
ydappairdrop,50
yeshetrinley,668
yesokgood111,50
yesyesnotnot,50
yeyelpueblo1,200
yeziying1234,50
yibaiyilohua,50
ying52521314,694
yingxianeos1,390
yinyunmengya,50
yixinwallet5,50
yiyidabaobei,50
yizhangwei11,230
yizhishayu12,50
yizhiyingjun,50
yll1yll2yll3,603
yolo23333333,50
yong55555555,877
yongwooneos1,50
yonseiuniv14,50
young1111eos,50
yournextfaiz,10
youtong11111,373
youyoueos111,50
youzi1111111,2688
yoyowbitcoin,674
yrrrrrrrrrrr,50
ysl333333333,900
ysllgrl11eos,50
ysyynzh12345,50
yuandong1234,50
yuanguoxing1,64
yuanjianhua1,778
yuanjun55555,50
yuankailong1,503
yuankuo11111,50
yuanmeng1213,50
yue111111yue,588
yueshgbtpzhh,50
yugenye12345,50
yujikun12345,50
yunjonghwan1,50
yushengdanni,541
yuxiaobo1234,50
ywy222222222,50
yxh111222333,567
yzyingwyrwyr,207
z11kfund3131,832000
zachixd23333,926
zachua111111,50
zackontzieos,31200
zawaliangeos,50
zayavanylzar,31465
zb.m,992
zb.w,997
zb5555555555,995
zengbiao1314,50
zengjingwu11,50
zenglong1111,50
zengshihong1,50
zengzixuan24,50
zeoswincandy,50
zexiaochen12,762
zeyangandeos,50
zfsn1314zfsn,50
zgeos5555555,797
zgfeoszgfeos,50
zgs111111111,50
zhang21sssss,542
zhang3renqun,50
zhangbin1111,50
zhangchao555,50
zhangchi1111,735
zhanghl54321,455
zhanghongwei,50
zhangminxue3,50
zhangnanbank,50
zhangpeng555,50
zhangxiudi11,50
zhangyaoming,50
zhangyuanwei,50
zhangzhao111,10
zhangzhifeng,898
zhangzhilon1,977
zhangzhiman1,894
zhangzhiyi33,908
zhanyonghuia,717
zhaojun12345,50
zhaoshengbin,50
zhaotian1234,50
zhaoxin33333,226
zhaoxin44444,231
zhaoyux12345,50
zhaozheng145,50
zhaozhiyong1,329
zhaoziq12345,50
zhengcunyao1,50
zhengeoseos1,50
zhengqingbao,50
zhengweqizzz,50
zhengzhengzz,50
zhiweiwallet,50
zhizaibide14,451
zhmingdeng11,50
zhongli33333,50
zhonglin3333,50
zhongxinchen,638
zhoumin12353,935
zhtwaneos521,368
zhtwlj333333,50
zhuanjiao123,825
zhuhuaiyang1,978
zhujiang1234,50
zhulin555555,197
zhuochunliao,50
zhuwenfeng22,50
zhuxiaohua12,929
zhuzhuaaaaa1,380
zihangweiwei,50
zincographer,10
ziquanyeeosb,50
ziveoswallet,50
ziyouzizai22,50
zjb512513514,50
zjleosbutton,834
zjoinmsiunbi,50
zjp333333333,50
zkcryptofund,50
zkiam313bmws,50
zmwyz5211314,50
zoninizonini,50
zootzootzoot,50
zouhuadong34,20
zouliappokyy,50
zozpanonia21,50
zpf12345zpf1,50
zprzzztknz31,832000
zq12zhangqia,310
zqianwen214w,50
zql123123123,50
zqqzqqzqqzqq,754
zqy123123123,50
zrararmrsr23,10
zsqlb1234512,50
zsszsszsszss,50
zsummerwaves,50
zsx512513514,708
zsyanghd1234,50
zsybsy333333,323
zuaizuaiqi31,82
zx11lp22za33,50
zxy1yll2yzyx,50
zxy1zxy2zxy3,50
zycoolcool12,50
zyfqiqi11111,10
zzzz33333333,984
zzzzoooossss,50
zzzzoooossss,50